customer_id,age,tenure_months,monthly_charges,total_charges,contract_type,payment_method,internet_service,support_tickets,usage_hours,last_payment_days_ago,is_autopay,discount_used,churn
CUST_1,56,12,91.49,6197.09,Month-to-month,Cash,Fiber Optic,5,56.59,7,1,1,0
CUST_2,69,47,77.9,3401.47,Month-to-month,Bank Transfer,DSL,3,1.03,39,0,0,0
CUST_3,46,18,21.46,6012.41,Month-to-month,UPI,DSL,2,12.31,22,0,1,1
CUST_4,32,21,56.04,7694.54,Month-to-month,Credit Card,Fiber Optic,7,38.14,41,1,0,0
CUST_5,60,13,80.48,3725.86,One year,Credit Card,DSL,4,6.28,31,0,1,1
CUST_6,25,21,58.75,1983.57,One year,Bank Transfer,Fiber Optic,5,14.22,13,0,0,1
CUST_7,38,8,106.35,7540.35,Month-to-month,Bank Transfer,Fiber Optic,1,23.95,41,1,0,1
CUST_8,56,46,50.88,4869.58,Month-to-month,UPI,Fiber Optic,7,43.53,41,1,1,0
CUST_9,36,7,49.35,931.59,Month-to-month,Cash,Fiber Optic,2,71.77,29,1,0,0
CUST_10,40,23,46.6,4624.19,Month-to-month,Credit Card,Fiber Optic,5,14.14,28,0,1,1
CUST_11,28,22,53.28,4054.59,Month-to-month,Cash,Fiber Optic,3,74.06,44,1,1,0
CUST_12,28,22,75.74,6859.15,Month-to-month,UPI,DSL,6,85.65,19,0,0,1
CUST_13,41,29,90.7,4292.49,One year,Credit Card,Fiber Optic,3,65.5,23,0,1,0
CUST_14,53,13,86.26,2116.34,Month-to-month,UPI,DSL,3,5.33,8,1,0,1
CUST_15,57,2,100.77,5437.59,Month-to-month,Bank Transfer,DSL,3,44.62,25,1,0,1
CUST_16,41,29,108.59,4386.35,One year,UPI,Fiber Optic,5,66.35,38,0,0,1
CUST_17,20,52,101.61,1941.05,Month-to-month,Bank Transfer,No,6,97.87,38,1,0,1
CUST_18,39,27,21.89,4631.66,One year,Cash,DSL,4,95.23,35,1,0,0
CUST_19,19,50,93.59,6590.13,Month-to-month,Credit Card,DSL,4,40.17,26,0,0,1
CUST_20,41,23,40.84,325.71,Month-to-month,Credit Card,DSL,1,61.98,3,0,0,0
CUST_21,61,44,33.29,5083.72,Month-to-month,Cash,Fiber Optic,5,89.19,2,0,0,1
CUST_22,47,22,83.85,2861.72,Two year,Bank Transfer,Fiber Optic,7,83.27,5,1,1,0
CUST_23,55,43,51.97,2412.1,Month-to-month,Credit Card,DSL,7,48.46,20,0,0,1
CUST_24,19,37,25.71,3201.44,Two year,UPI,Fiber Optic,6,26.86,12,0,0,0
CUST_25,38,61,33.76,2801.98,Month-to-month,Bank Transfer,Fiber Optic,7,14.57,38,1,0,0
CUST_26,50,56,20.09,6674.69,Month-to-month,Credit Card,Fiber Optic,6,49.31,16,1,0,0
CUST_27,29,3,110.32,2270.9,Month-to-month,UPI,Fiber Optic,3,72.56,37,1,1,1
CUST_28,39,63,22.46,5891.91,Month-to-month,UPI,Fiber Optic,7,97.01,38,0,0,1
CUST_29,61,19,40.95,843.07,Month-to-month,Credit Card,Fiber Optic,4,86.32,36,1,1,1
CUST_30,42,23,61.63,7616.03,Month-to-month,Cash,Fiber Optic,5,21.22,29,1,0,1
CUST_31,66,29,55.66,5016.3,Month-to-month,Cash,DSL,2,72.26,35,0,1,1
CUST_32,44,30,111.17,5683.08,Month-to-month,Credit Card,Fiber Optic,4,29.62,37,0,1,1
CUST_33,59,39,24.03,2454.51,Month-to-month,UPI,Fiber Optic,7,68.66,21,1,0,1
CUST_34,45,25,71.22,3355.56,Month-to-month,Cash,DSL,4,66.91,21,1,0,0
CUST_35,33,8,88.05,1867.85,Month-to-month,Cash,DSL,6,27.97,28,0,0,1
CUST_36,32,58,113.17,7467.04,One year,Cash,DSL,1,24.2,6,0,1,1
CUST_37,64,16,82.04,3956.03,Two year,Bank Transfer,No,4,11.29,20,1,0,1
CUST_38,68,1,100.38,5080.54,Month-to-month,Cash,DSL,2,6.0,36,1,1,1
CUST_39,61,5,28.37,5900.75,Month-to-month,Credit Card,No,3,85.99,13,1,0,0
CUST_40,69,3,58.59,3031.74,Month-to-month,Credit Card,Fiber Optic,0,5.94,40,1,1,1
CUST_41,20,65,57.39,5788.8,Two year,Bank Transfer,No,1,9.79,11,0,0,0
CUST_42,54,4,108.63,5440.34,Month-to-month,Bank Transfer,Fiber Optic,2,24.65,24,1,1,1
CUST_43,68,64,35.14,5674.71,One year,Credit Card,No,1,88.88,19,0,1,0
CUST_44,24,10,35.19,3964.92,Month-to-month,Bank Transfer,DSL,7,33.96,23,1,0,1
CUST_45,38,21,52.86,3125.21,Month-to-month,Cash,Fiber Optic,5,19.99,31,1,1,0
CUST_46,26,46,25.45,1854.45,Month-to-month,UPI,DSL,7,71.84,37,1,1,1
CUST_47,56,27,38.25,6614.55,Month-to-month,UPI,Fiber Optic,3,32.59,37,1,0,0
CUST_48,35,66,116.52,4905.97,Two year,UPI,Fiber Optic,4,34.0,3,0,0,0
CUST_49,21,41,62.82,3610.38,Month-to-month,Credit Card,Fiber Optic,7,74.16,34,0,0,1
CUST_50,42,13,83.2,7557.57,One year,Bank Transfer,Fiber Optic,5,25.91,29,0,0,1
CUST_51,31,9,92.61,477.93,One year,UPI,DSL,4,89.78,3,1,1,0
CUST_52,67,36,56.7,6816.36,One year,Cash,Fiber Optic,7,56.58,15,1,0,0
CUST_53,26,58,34.72,7980.9,Month-to-month,Cash,Fiber Optic,6,54.25,7,0,1,0
CUST_54,43,54,40.66,7106.84,Month-to-month,Cash,DSL,2,27.21,3,1,0,0
CUST_55,19,12,51.33,6502.45,Month-to-month,Bank Transfer,No,3,83.67,43,0,0,1
CUST_56,37,14,83.61,3057.02,Month-to-month,UPI,No,0,57.7,16,1,0,1
CUST_57,45,34,59.83,1927.38,One year,Cash,No,0,16.4,34,1,0,0
CUST_58,64,53,20.68,5905.32,Month-to-month,Bank Transfer,Fiber Optic,4,21.42,20,1,0,0
CUST_59,24,20,72.34,2506.15,One year,Cash,DSL,5,47.36,44,0,0,1
CUST_60,61,16,112.15,1490.71,Month-to-month,UPI,No,6,78.18,39,1,0,1
CUST_61,25,70,101.21,6313.55,Two year,UPI,Fiber Optic,3,93.99,33,0,1,0
CUST_62,64,56,102.52,2569.09,Month-to-month,UPI,DSL,3,66.69,14,0,0,0
CUST_63,52,58,99.51,7324.09,Month-to-month,UPI,Fiber Optic,2,51.11,42,1,1,0
CUST_64,31,4,52.37,6741.0,Two year,UPI,DSL,5,25.82,35,1,1,1
CUST_65,34,4,96.52,6796.36,Month-to-month,Cash,Fiber Optic,0,67.61,11,0,0,1
CUST_66,53,20,34.32,6195.4,Two year,UPI,DSL,2,98.24,20,1,0,0
CUST_67,67,10,85.77,7058.96,Month-to-month,Cash,Fiber Optic,7,48.15,30,1,0,1
CUST_68,57,24,84.16,6465.4,Month-to-month,UPI,Fiber Optic,1,17.05,28,1,0,1
CUST_69,21,26,22.56,4859.84,One year,Cash,Fiber Optic,3,11.23,15,1,0,0
CUST_70,19,37,98.8,2437.0,Two year,UPI,DSL,0,27.66,38,0,1,0
CUST_71,23,54,110.32,7116.85,Month-to-month,Cash,Fiber Optic,2,57.37,13,0,0,1
CUST_72,59,21,46.74,6740.77,Two year,UPI,Fiber Optic,4,94.73,35,1,1,1
CUST_73,21,38,101.24,3835.75,One year,Bank Transfer,DSL,1,30.62,24,0,0,0
CUST_74,46,46,28.24,408.72,Two year,Cash,No,2,31.23,1,1,0,0
CUST_75,35,4,80.0,5144.5,Month-to-month,Bank Transfer,Fiber Optic,4,48.64,42,0,1,1
CUST_76,43,60,68.56,499.72,Month-to-month,Cash,No,0,91.94,24,1,0,0
CUST_77,61,57,74.59,7417.61,Two year,Cash,DSL,0,42.49,27,1,1,1
CUST_78,51,45,112.62,7696.89,Two year,Cash,DSL,1,23.1,18,1,0,0
CUST_79,27,20,107.13,1596.97,Month-to-month,Credit Card,DSL,4,17.15,26,1,1,1
CUST_80,53,17,98.51,5443.48,Month-to-month,UPI,Fiber Optic,3,46.24,29,0,1,0
CUST_81,31,71,47.37,828.93,Month-to-month,Bank Transfer,DSL,6,80.27,8,0,0,1
CUST_82,48,4,111.18,5863.18,One year,Bank Transfer,Fiber Optic,6,29.84,44,1,1,1
CUST_83,65,14,29.75,2843.57,Month-to-month,Cash,Fiber Optic,0,51.74,26,1,0,1
CUST_84,32,3,105.33,5480.3,Month-to-month,Bank Transfer,DSL,5,60.7,5,1,0,1
CUST_85,25,58,52.82,3045.72,Month-to-month,Bank Transfer,Fiber Optic,3,45.6,33,1,0,0
CUST_86,31,55,25.38,1249.98,One year,Bank Transfer,No,3,19.98,40,1,0,0
CUST_87,40,4,86.94,3308.27,Month-to-month,Bank Transfer,DSL,6,92.25,5,1,0,1
CUST_88,57,24,43.13,990.12,Month-to-month,Credit Card,Fiber Optic,2,56.98,36,0,1,0
CUST_89,38,34,44.36,4657.38,One year,Cash,Fiber Optic,7,73.18,13,1,0,1
CUST_90,33,30,50.6,423.52,One year,Bank Transfer,Fiber Optic,2,63.97,17,0,1,0
CUST_91,62,19,26.37,4265.83,Month-to-month,Credit Card,No,0,99.81,13,0,1,1
CUST_92,35,31,37.71,7102.31,Month-to-month,Credit Card,No,3,46.17,25,1,1,0
CUST_93,64,60,20.51,6719.2,One year,Cash,Fiber Optic,2,43.07,2,1,1,0
CUST_94,41,60,64.54,7073.98,Two year,UPI,Fiber Optic,4,36.65,24,0,1,0
CUST_95,43,19,28.43,7384.19,One year,UPI,Fiber Optic,4,36.8,36,1,0,1
CUST_96,42,49,88.27,925.77,Two year,UPI,Fiber Optic,7,28.3,25,0,0,1
CUST_97,62,63,43.56,1117.1,One year,Bank Transfer,DSL,4,98.08,34,0,0,1
CUST_98,58,22,114.36,4500.35,One year,Cash,No,7,87.21,12,0,0,1
CUST_99,46,24,107.13,7162.38,Month-to-month,UPI,Fiber Optic,4,32.35,19,1,0,1
CUST_100,32,30,48.94,7797.36,Month-to-month,Bank Transfer,DSL,7,31.22,42,0,0,1
CUST_101,62,58,98.32,465.47,Month-to-month,Cash,DSL,7,11.25,30,0,0,1
CUST_102,18,31,100.32,2910.62,Month-to-month,Bank Transfer,No,7,87.83,37,0,1,1
CUST_103,42,64,118.66,1781.86,Month-to-month,UPI,DSL,3,37.8,43,0,0,1
CUST_104,24,19,79.78,6072.13,Month-to-month,UPI,Fiber Optic,4,57.69,1,0,0,1
CUST_105,26,48,28.2,5157.53,One year,Credit Card,DSL,3,90.14,3,0,0,0
CUST_106,41,45,84.68,1047.12,Month-to-month,Credit Card,DSL,6,41.4,26,0,0,1
CUST_107,18,55,82.5,3919.82,Month-to-month,Cash,DSL,0,80.88,15,1,0,0
CUST_108,61,55,83.84,5514.98,Two year,Bank Transfer,Fiber Optic,7,43.6,28,0,0,1
CUST_109,25,18,50.71,6254.14,Month-to-month,Bank Transfer,DSL,0,70.39,4,1,1,0
CUST_110,41,63,105.97,258.42,Month-to-month,UPI,Fiber Optic,4,43.69,19,0,0,1
CUST_111,28,47,115.95,7134.71,Month-to-month,UPI,Fiber Optic,4,39.88,24,0,1,1
CUST_112,68,57,41.77,4597.32,Two year,Cash,Fiber Optic,4,99.08,40,1,0,0
CUST_113,34,45,28.82,6514.08,Month-to-month,Credit Card,Fiber Optic,7,61.62,6,1,1,1
CUST_114,25,33,39.45,6482.71,One year,UPI,Fiber Optic,0,37.37,16,1,0,0
CUST_115,52,17,102.06,1599.84,Month-to-month,Bank Transfer,Fiber Optic,2,26.52,32,0,1,1
CUST_116,52,70,87.66,970.36,Month-to-month,UPI,Fiber Optic,0,4.94,30,1,1,1
CUST_117,50,4,83.6,5798.17,Month-to-month,Credit Card,Fiber Optic,4,70.95,35,1,0,1
CUST_118,22,20,60.18,1335.77,One year,Bank Transfer,No,2,37.84,8,1,0,0
CUST_119,59,47,77.78,6814.51,Two year,Credit Card,Fiber Optic,7,82.3,5,1,0,0
CUST_120,56,15,50.79,5836.9,One year,Cash,DSL,2,37.02,37,0,0,0
CUST_121,58,70,67.72,6750.42,One year,Cash,Fiber Optic,1,37.96,12,0,0,0
CUST_122,45,47,99.31,2462.2,Month-to-month,Credit Card,DSL,6,78.14,25,1,0,1
CUST_123,24,9,118.12,2601.12,One year,Bank Transfer,DSL,3,49.46,33,0,1,1
CUST_124,26,16,113.25,5402.65,Month-to-month,Credit Card,Fiber Optic,6,88.6,39,1,0,1
CUST_125,25,69,113.39,348.42,One year,UPI,Fiber Optic,4,59.42,24,0,0,1
CUST_126,29,61,60.22,5839.32,Month-to-month,UPI,Fiber Optic,3,24.82,11,1,1,0
CUST_127,51,10,66.88,6702.69,Month-to-month,Credit Card,No,1,57.26,42,0,1,1
CUST_128,50,50,90.56,3379.79,Month-to-month,UPI,Fiber Optic,3,1.4,35,0,1,1
CUST_129,65,3,112.22,6142.54,Month-to-month,Credit Card,DSL,4,31.93,40,1,0,1
CUST_130,40,70,34.2,1479.43,Month-to-month,UPI,No,1,21.59,1,0,0,0
CUST_131,41,51,50.42,2645.86,One year,Credit Card,Fiber Optic,3,65.76,8,0,1,0
CUST_132,54,19,33.92,7797.01,Month-to-month,UPI,Fiber Optic,7,14.47,23,0,0,0
CUST_133,52,42,81.2,7891.99,Month-to-month,Bank Transfer,Fiber Optic,0,29.72,20,1,0,0
CUST_134,61,35,50.63,4149.58,One year,Bank Transfer,No,2,33.8,32,1,0,0
CUST_135,57,46,52.61,7480.73,Month-to-month,UPI,DSL,6,1.33,11,1,1,1
CUST_136,39,26,27.09,4229.57,One year,Credit Card,DSL,1,5.63,7,1,0,0
CUST_137,44,69,54.98,2403.55,One year,UPI,Fiber Optic,0,31.8,30,0,1,0
CUST_138,52,64,106.25,2208.5,Two year,Cash,Fiber Optic,4,23.01,39,0,0,1
CUST_139,18,37,43.31,7443.1,One year,Cash,Fiber Optic,2,12.57,13,0,0,0
CUST_140,52,49,89.52,1462.33,Month-to-month,Credit Card,DSL,6,16.26,42,1,0,1
CUST_141,54,21,82.96,4679.1,Month-to-month,UPI,DSL,1,83.72,3,1,0,0
CUST_142,64,64,106.35,4488.65,Month-to-month,UPI,Fiber Optic,2,68.65,7,0,1,1
CUST_143,31,5,33.23,5943.01,Two year,Bank Transfer,DSL,5,48.93,43,0,1,1
CUST_144,20,70,117.76,4044.02,Month-to-month,Credit Card,DSL,7,90.98,13,0,0,1
CUST_145,18,4,78.26,2251.06,Month-to-month,Cash,DSL,5,3.93,37,0,1,1
CUST_146,22,39,119.55,1438.23,Month-to-month,Cash,DSL,1,35.15,25,0,1,1
CUST_147,43,35,111.15,5004.47,Two year,Credit Card,Fiber Optic,1,82.51,23,0,0,1
CUST_148,31,1,42.15,5780.03,Month-to-month,Cash,Fiber Optic,3,63.2,33,0,1,1
CUST_149,56,24,25.62,4599.22,Two year,Credit Card,DSL,2,98.19,5,1,1,0
CUST_150,44,57,45.56,5932.98,Month-to-month,Cash,DSL,5,94.51,32,0,0,1
CUST_151,26,70,72.76,1218.02,Month-to-month,Cash,Fiber Optic,6,17.82,30,1,0,1
CUST_152,32,41,37.16,7071.51,Month-to-month,Credit Card,DSL,5,97.23,31,0,0,1
CUST_153,32,54,36.75,4700.92,Two year,Credit Card,Fiber Optic,2,94.61,13,1,0,0
CUST_154,43,46,66.26,1102.07,Two year,Cash,Fiber Optic,5,37.99,42,0,0,0
CUST_155,59,60,23.33,3749.21,Month-to-month,Cash,No,6,98.31,5,1,0,1
CUST_156,30,60,32.19,6773.85,Month-to-month,Bank Transfer,Fiber Optic,0,4.55,23,0,1,0
CUST_157,68,57,61.59,7190.74,One year,UPI,Fiber Optic,7,66.41,1,0,0,0
CUST_158,49,31,26.31,2190.73,Month-to-month,Credit Card,Fiber Optic,5,27.35,10,1,0,1
CUST_159,56,24,59.68,5719.0,Month-to-month,Credit Card,DSL,7,13.82,27,1,1,1
CUST_160,66,36,67.4,889.88,Month-to-month,UPI,DSL,5,58.18,8,0,0,1
CUST_161,69,30,65.13,365.01,Month-to-month,Bank Transfer,DSL,4,31.33,3,0,1,0
CUST_162,49,24,106.92,4527.15,Month-to-month,Cash,Fiber Optic,0,67.02,19,0,1,0
CUST_163,21,30,73.01,5589.14,Month-to-month,Cash,DSL,3,54.46,2,1,1,0
CUST_164,47,7,66.8,6386.72,Month-to-month,Bank Transfer,DSL,1,39.87,31,1,1,0
CUST_165,54,35,61.07,2787.71,Two year,Bank Transfer,Fiber Optic,6,19.0,10,0,0,1
CUST_166,40,55,101.76,151.55,Month-to-month,UPI,No,5,60.52,16,0,0,1
CUST_167,56,14,109.51,3888.2,One year,UPI,DSL,6,83.09,37,1,1,1
CUST_168,62,10,105.32,225.24,Month-to-month,Cash,Fiber Optic,3,60.4,20,0,1,1
CUST_169,32,16,87.35,826.68,One year,Bank Transfer,DSL,3,61.44,3,1,0,0
CUST_170,60,54,33.74,2680.84,Month-to-month,Bank Transfer,No,0,51.67,35,1,0,0
CUST_171,46,70,47.69,3553.66,One year,Cash,DSL,6,39.44,34,1,1,0
CUST_172,53,44,24.61,2307.81,Month-to-month,Cash,No,1,46.29,21,0,0,0
CUST_173,30,45,113.08,4696.74,Two year,Cash,DSL,4,98.96,36,1,0,0
CUST_174,49,56,86.08,537.26,Month-to-month,Cash,Fiber Optic,3,75.22,32,0,1,0
CUST_175,24,57,94.64,1242.18,Month-to-month,Cash,DSL,4,43.63,18,1,0,1
CUST_176,68,21,51.16,5592.54,Two year,UPI,DSL,1,46.27,34,1,0,0
CUST_177,39,68,104.57,1222.91,One year,Cash,DSL,1,50.46,38,1,0,0
CUST_178,45,50,45.96,5154.22,Month-to-month,Bank Transfer,DSL,7,66.27,3,1,1,1
CUST_179,19,33,20.16,532.01,Two year,Credit Card,Fiber Optic,0,47.13,3,0,0,0
CUST_180,59,7,57.64,3318.32,Month-to-month,UPI,Fiber Optic,6,68.93,27,1,0,1
CUST_181,62,70,77.08,1501.53,Month-to-month,Bank Transfer,Fiber Optic,2,33.59,2,0,0,0
CUST_182,23,15,67.87,966.13,Two year,Credit Card,No,6,41.65,3,1,0,0
CUST_183,45,32,106.21,4579.56,Month-to-month,UPI,Fiber Optic,5,86.54,17,0,0,1
CUST_184,45,20,30.54,7433.85,Two year,Cash,No,0,33.56,39,0,0,0
CUST_185,61,15,75.38,532.82,Month-to-month,UPI,DSL,6,96.48,38,0,0,1
CUST_186,61,48,71.3,3430.28,One year,Cash,No,4,18.08,40,0,1,1
CUST_187,37,71,48.14,5689.53,Month-to-month,Cash,DSL,7,24.93,19,1,1,0
CUST_188,47,21,102.22,3755.23,Two year,Cash,Fiber Optic,6,46.9,19,1,1,0
CUST_189,28,42,95.28,6471.32,One year,Credit Card,Fiber Optic,0,79.94,44,1,1,1
CUST_190,45,26,93.29,1519.2,Month-to-month,UPI,Fiber Optic,1,73.43,5,0,0,1
CUST_191,42,14,107.62,7680.79,One year,Cash,Fiber Optic,7,18.27,5,0,1,1
CUST_192,56,57,92.28,3142.78,Month-to-month,Bank Transfer,Fiber Optic,3,24.43,14,1,1,0
CUST_193,50,37,43.18,2798.4,One year,UPI,No,7,57.95,27,0,0,1
CUST_194,18,58,90.56,7009.39,Two year,Bank Transfer,No,7,30.22,36,1,0,1
CUST_195,44,21,50.77,4554.55,Month-to-month,Credit Card,No,5,42.81,40,0,0,1
CUST_196,69,69,44.22,4179.91,One year,Credit Card,No,5,49.17,35,1,0,0
CUST_197,30,3,27.3,5843.13,Month-to-month,UPI,Fiber Optic,2,59.83,21,1,0,0
CUST_198,58,37,94.4,4680.69,Month-to-month,Credit Card,No,1,25.85,5,1,0,1
CUST_199,20,49,91.1,1383.87,Month-to-month,Credit Card,No,5,17.15,24,1,1,1
CUST_200,56,19,43.45,5426.16,One year,UPI,Fiber Optic,7,40.46,39,1,1,0
CUST_201,23,12,94.94,1154.4,Month-to-month,Bank Transfer,Fiber Optic,5,9.12,24,1,0,1
CUST_202,25,61,111.78,6466.28,One year,Cash,No,3,53.15,40,0,0,1
CUST_203,44,41,30.8,7918.92,Month-to-month,UPI,Fiber Optic,4,84.12,43,0,1,1
CUST_204,26,33,43.26,3081.36,One year,UPI,Fiber Optic,4,12.78,13,1,1,0
CUST_205,54,50,95.03,3613.57,Month-to-month,Cash,DSL,4,12.16,38,1,0,1
CUST_206,50,68,47.45,466.83,Two year,Bank Transfer,Fiber Optic,0,8.94,1,1,1,0
CUST_207,68,71,82.47,208.49,Month-to-month,Cash,No,4,84.94,43,1,0,1
CUST_208,59,33,28.12,7379.21,Month-to-month,Cash,Fiber Optic,4,8.99,39,0,0,1
CUST_209,61,24,65.22,1116.13,Month-to-month,Bank Transfer,DSL,0,98.36,10,1,1,1
CUST_210,41,61,93.91,3621.65,One year,Bank Transfer,DSL,7,36.47,2,0,1,1
CUST_211,32,61,88.65,6541.3,Month-to-month,Cash,Fiber Optic,7,33.55,16,1,1,1
CUST_212,49,28,101.51,7125.62,One year,Cash,DSL,7,10.07,37,0,0,1
CUST_213,49,58,107.75,4203.24,Month-to-month,UPI,Fiber Optic,3,58.98,16,0,1,1
CUST_214,41,43,97.32,4563.76,One year,Bank Transfer,No,1,59.0,23,0,0,1
CUST_215,58,41,87.16,5390.5,Month-to-month,Credit Card,Fiber Optic,5,49.89,26,1,0,1
CUST_216,69,39,23.17,7694.92,Month-to-month,Bank Transfer,Fiber Optic,2,31.79,16,1,0,1
CUST_217,66,49,73.5,4861.09,Month-to-month,Cash,No,5,37.49,27,1,0,1
CUST_218,66,17,23.77,4519.85,Month-to-month,Cash,Fiber Optic,7,32.73,41,0,0,1
CUST_219,69,70,100.81,214.82,Month-to-month,Cash,DSL,7,43.19,30,0,1,1
CUST_220,29,70,52.07,739.5,Two year,Cash,Fiber Optic,4,34.84,33,1,1,1
CUST_221,56,65,76.24,4659.66,Two year,Credit Card,Fiber Optic,4,67.88,32,0,0,1
CUST_222,19,5,47.94,7496.3,One year,Bank Transfer,Fiber Optic,6,30.28,9,1,0,0
CUST_223,20,2,98.25,6946.86,Month-to-month,Credit Card,No,5,35.73,11,1,1,1
CUST_224,66,22,108.65,7862.37,Month-to-month,Credit Card,DSL,7,44.11,37,0,0,1
CUST_225,54,57,59.86,4269.89,One year,Cash,DSL,5,1.39,6,1,1,1
CUST_226,66,66,106.29,6324.65,Month-to-month,Credit Card,DSL,6,49.72,30,1,1,1
CUST_227,34,16,46.71,6739.16,Two year,Cash,Fiber Optic,4,26.33,40,1,1,0
CUST_228,66,51,73.47,5219.45,Month-to-month,Cash,Fiber Optic,7,6.56,15,1,0,1
CUST_229,19,39,105.88,2776.12,Two year,Cash,Fiber Optic,0,91.19,30,1,1,0
CUST_230,19,40,52.59,3812.83,Month-to-month,Credit Card,Fiber Optic,7,32.92,18,1,0,1
CUST_231,45,38,115.4,6877.54,One year,Cash,No,0,43.18,12,0,0,0
CUST_232,40,60,32.19,2458.53,Month-to-month,Credit Card,No,0,82.91,4,0,0,0
CUST_233,54,59,21.83,7397.57,Two year,Bank Transfer,DSL,2,17.51,16,0,0,0
CUST_234,49,10,110.41,1915.47,Month-to-month,Cash,Fiber Optic,1,85.18,23,0,0,1
CUST_235,50,64,26.86,6021.18,One year,UPI,Fiber Optic,4,24.92,11,0,1,0
CUST_236,18,63,119.19,5081.42,Two year,UPI,DSL,3,59.31,24,1,0,0
CUST_237,36,49,115.14,6021.84,Month-to-month,UPI,Fiber Optic,5,68.88,22,1,0,0
CUST_238,19,64,33.7,3555.05,Month-to-month,UPI,DSL,5,90.6,39,0,1,1
CUST_239,61,32,73.76,7467.86,Month-to-month,UPI,DSL,4,61.16,15,0,1,0
CUST_240,43,7,38.49,5096.53,Month-to-month,Credit Card,Fiber Optic,4,45.87,15,1,0,1
CUST_241,49,21,62.82,2377.54,Month-to-month,Bank Transfer,Fiber Optic,4,57.65,10,0,1,1
CUST_242,23,20,26.14,5143.8,Month-to-month,Credit Card,Fiber Optic,5,21.01,28,0,1,0
CUST_243,49,26,42.39,2365.84,Month-to-month,Cash,Fiber Optic,6,69.22,36,1,0,0
CUST_244,21,68,56.33,2419.7,One year,Bank Transfer,DSL,4,19.5,17,1,1,0
CUST_245,28,15,63.86,3256.83,One year,Bank Transfer,Fiber Optic,5,56.17,36,1,0,0
CUST_246,34,14,117.75,6834.2,Month-to-month,Bank Transfer,Fiber Optic,1,65.11,22,1,1,0
CUST_247,55,27,100.79,4052.35,Two year,Bank Transfer,Fiber Optic,3,89.96,23,0,1,0
CUST_248,41,40,93.74,5463.32,Two year,UPI,No,0,45.57,29,1,0,0
CUST_249,22,58,73.7,3196.55,Month-to-month,Cash,DSL,6,77.76,22,1,0,1
CUST_250,69,28,104.0,2182.48,Month-to-month,Bank Transfer,Fiber Optic,3,17.59,11,1,0,0
CUST_251,51,26,53.93,7641.66,Month-to-month,Bank Transfer,Fiber Optic,4,16.46,36,0,0,1
CUST_252,23,63,90.89,4868.29,One year,UPI,No,3,52.96,44,1,1,0
CUST_253,39,66,119.38,7478.22,One year,Credit Card,Fiber Optic,4,60.04,29,0,0,1
CUST_254,28,25,51.46,1706.96,Month-to-month,Credit Card,DSL,3,63.6,42,1,0,0
CUST_255,65,3,87.4,1260.46,One year,Credit Card,Fiber Optic,2,74.82,32,1,1,0
CUST_256,33,44,104.43,6861.0,Month-to-month,Cash,DSL,7,30.2,14,1,1,0
CUST_257,50,42,111.58,5479.25,Month-to-month,Credit Card,No,3,62.64,18,1,1,0
CUST_258,26,6,91.79,1573.97,One year,Bank Transfer,DSL,7,19.63,38,0,1,1
CUST_259,23,39,48.36,2227.94,One year,UPI,Fiber Optic,0,22.68,37,0,1,0
CUST_260,33,52,52.63,6425.25,Month-to-month,UPI,DSL,0,7.66,34,0,0,1
CUST_261,46,23,22.08,3685.56,Month-to-month,Credit Card,Fiber Optic,6,74.95,23,0,1,0
CUST_262,20,50,96.09,5397.27,Two year,UPI,No,3,51.19,32,0,0,0
CUST_263,37,43,24.27,2614.98,One year,Bank Transfer,No,5,24.58,3,1,1,0
CUST_264,53,19,106.47,3111.72,One year,Credit Card,DSL,7,56.07,43,0,0,1
CUST_265,36,69,31.87,7926.63,Month-to-month,Bank Transfer,Fiber Optic,5,36.07,22,0,1,1
CUST_266,43,51,37.19,2056.17,Month-to-month,Cash,DSL,5,83.88,23,1,0,1
CUST_267,20,11,67.65,4101.01,Month-to-month,Bank Transfer,Fiber Optic,3,53.29,4,1,0,1
CUST_268,36,12,93.79,6770.78,Month-to-month,Bank Transfer,DSL,5,3.95,13,1,0,1
CUST_269,37,8,33.9,1989.86,One year,Bank Transfer,DSL,1,98.52,32,1,0,0
CUST_270,49,24,64.01,3380.19,Month-to-month,Bank Transfer,Fiber Optic,3,8.36,29,1,0,1
CUST_271,24,41,68.29,4959.22,Month-to-month,Cash,DSL,0,69.9,40,0,0,0
CUST_272,69,36,41.23,3901.39,Month-to-month,Credit Card,Fiber Optic,7,44.29,40,1,1,1
CUST_273,58,55,31.56,3730.07,Month-to-month,Bank Transfer,DSL,6,25.68,10,0,0,1
CUST_274,50,9,103.64,2963.83,Two year,Credit Card,DSL,5,67.97,13,0,0,1
CUST_275,57,47,70.25,4734.51,One year,UPI,Fiber Optic,2,13.46,17,0,1,0
CUST_276,56,15,21.44,5032.54,Month-to-month,Bank Transfer,DSL,5,85.97,38,0,0,1
CUST_277,35,48,100.3,5260.99,One year,Bank Transfer,Fiber Optic,0,25.81,2,1,1,0
CUST_278,57,42,118.08,655.91,One year,UPI,Fiber Optic,1,36.78,17,1,0,0
CUST_279,18,60,80.59,5085.17,One year,Credit Card,Fiber Optic,3,63.63,44,0,0,0
CUST_280,28,70,70.37,7630.57,Month-to-month,Cash,Fiber Optic,5,1.1,26,1,0,1
CUST_281,45,12,107.84,4373.79,Month-to-month,Bank Transfer,Fiber Optic,2,47.8,38,1,0,1
CUST_282,42,2,115.25,5750.61,Month-to-month,UPI,DSL,7,89.53,37,1,1,1
CUST_283,67,7,95.45,4498.19,Two year,UPI,No,6,68.36,5,1,0,1
CUST_284,40,3,64.55,6852.45,One year,Bank Transfer,No,0,39.4,25,0,1,0
CUST_285,48,3,79.22,7443.71,Month-to-month,Credit Card,DSL,6,66.38,9,1,0,1
CUST_286,47,27,90.09,1555.34,Month-to-month,Credit Card,Fiber Optic,6,93.72,28,0,1,0
CUST_287,59,40,39.43,3551.19,Month-to-month,Bank Transfer,DSL,2,19.59,22,1,1,0
CUST_288,52,33,64.72,3199.82,Month-to-month,UPI,DSL,7,53.65,29,1,0,1
CUST_289,24,1,102.98,3301.2,Two year,Bank Transfer,DSL,4,24.24,35,1,1,1
CUST_290,33,8,85.47,1091.64,Month-to-month,Cash,Fiber Optic,0,85.57,20,0,0,1
CUST_291,43,32,61.12,6527.56,Month-to-month,Cash,DSL,4,72.38,5,0,1,1
CUST_292,65,48,86.34,382.55,Two year,Credit Card,No,2,80.31,39,0,1,0
CUST_293,69,4,31.82,4272.99,Month-to-month,Cash,Fiber Optic,3,94.36,44,1,0,1
CUST_294,66,70,60.15,5328.84,One year,UPI,DSL,3,24.0,32,0,0,0
CUST_295,19,19,99.31,1739.01,Month-to-month,Cash,Fiber Optic,3,5.82,39,0,0,1
CUST_296,18,32,42.05,7256.22,One year,Bank Transfer,DSL,6,29.8,10,1,1,0
CUST_297,65,9,38.6,6724.54,Month-to-month,UPI,Fiber Optic,4,40.51,40,0,1,1
CUST_298,29,12,115.08,3821.56,One year,Credit Card,Fiber Optic,6,62.89,17,1,1,0
CUST_299,22,11,40.99,3348.08,Month-to-month,Credit Card,DSL,3,79.97,37,0,0,1
CUST_300,54,46,46.09,1968.89,Month-to-month,Cash,DSL,6,35.63,15,0,1,1
CUST_301,49,16,116.96,5866.95,One year,Credit Card,DSL,1,47.88,9,0,1,0
CUST_302,26,1,93.47,1140.78,Month-to-month,Bank Transfer,DSL,0,78.76,32,1,0,1
CUST_303,58,63,89.96,5473.88,One year,UPI,DSL,0,23.31,23,1,0,0
CUST_304,52,21,105.29,6755.41,Month-to-month,Bank Transfer,No,7,22.5,11,0,1,1
CUST_305,36,30,31.58,1904.93,Month-to-month,Bank Transfer,DSL,6,59.33,13,1,1,0
CUST_306,65,13,90.6,6944.78,One year,Bank Transfer,DSL,7,44.17,18,1,0,1
CUST_307,33,34,70.37,363.25,One year,Bank Transfer,No,2,94.94,9,0,1,0
CUST_308,20,4,102.92,7311.02,Two year,UPI,Fiber Optic,5,36.35,42,1,0,0
CUST_309,37,28,70.81,1035.06,One year,UPI,Fiber Optic,4,76.2,5,0,1,1
CUST_310,41,59,82.02,5201.5,Month-to-month,Bank Transfer,DSL,0,58.73,43,0,0,1
CUST_311,50,27,67.77,2075.65,Two year,Bank Transfer,Fiber Optic,6,6.4,22,1,0,0
CUST_312,41,69,67.82,6708.76,Month-to-month,Credit Card,DSL,4,9.35,32,0,0,1
CUST_313,69,25,96.8,4147.17,Month-to-month,Credit Card,Fiber Optic,2,21.11,2,1,1,0
CUST_314,28,3,82.86,1168.41,Month-to-month,UPI,No,3,15.17,21,0,0,1
CUST_315,66,68,83.33,4610.83,Month-to-month,Credit Card,Fiber Optic,5,33.61,28,1,1,1
CUST_316,25,25,65.03,3322.27,One year,UPI,DSL,2,58.32,24,0,0,0
CUST_317,53,20,73.11,5325.44,Month-to-month,UPI,Fiber Optic,1,60.63,24,1,1,0
CUST_318,55,34,94.57,7067.04,One year,Cash,Fiber Optic,3,59.19,14,0,0,0
CUST_319,57,26,102.59,3334.17,Month-to-month,UPI,Fiber Optic,3,12.64,37,1,0,1
CUST_320,37,5,89.66,2390.06,Month-to-month,Credit Card,Fiber Optic,3,60.42,27,0,0,0
CUST_321,52,61,112.41,214.67,Month-to-month,Cash,Fiber Optic,2,41.56,24,1,0,0
CUST_322,65,9,102.03,4641.23,One year,Credit Card,Fiber Optic,1,90.4,6,1,1,0
CUST_323,42,50,76.19,3277.97,Month-to-month,UPI,No,5,91.29,26,0,0,1
CUST_324,52,6,87.14,3059.73,Two year,UPI,Fiber Optic,4,77.05,15,0,0,1
CUST_325,42,60,112.63,1545.19,Month-to-month,Bank Transfer,DSL,2,70.61,29,1,0,1
CUST_326,46,44,81.92,3497.44,Month-to-month,UPI,Fiber Optic,0,12.38,36,0,0,1
CUST_327,35,11,102.48,7877.09,One year,Cash,DSL,0,9.38,10,1,0,1
CUST_328,63,66,88.88,2452.26,Two year,UPI,Fiber Optic,2,84.24,28,0,0,1
CUST_329,35,47,75.19,4837.66,Month-to-month,Bank Transfer,DSL,4,43.27,9,1,1,1
CUST_330,19,3,44.18,6234.25,One year,UPI,Fiber Optic,0,45.68,21,1,0,0
CUST_331,52,30,62.6,6018.35,Two year,UPI,Fiber Optic,4,84.93,10,0,0,0
CUST_332,33,21,116.77,2697.32,Two year,UPI,DSL,3,62.52,4,0,0,0
CUST_333,58,28,85.78,4925.79,One year,Bank Transfer,Fiber Optic,2,18.76,4,0,0,1
CUST_334,53,62,76.44,6982.99,One year,Credit Card,Fiber Optic,3,21.89,6,0,1,0
CUST_335,50,33,113.3,222.03,Month-to-month,UPI,Fiber Optic,0,1.63,26,0,1,1
CUST_336,21,35,78.65,3542.3,Two year,Cash,Fiber Optic,4,71.36,40,1,0,1
CUST_337,50,52,72.61,1871.76,Month-to-month,Bank Transfer,No,3,49.08,16,1,0,0
CUST_338,31,34,95.93,3170.2,Two year,Cash,DSL,0,95.05,8,0,0,0
CUST_339,38,41,91.27,3386.32,Month-to-month,UPI,Fiber Optic,6,71.69,28,1,1,1
CUST_340,65,51,39.32,5998.7,Month-to-month,Bank Transfer,Fiber Optic,1,11.21,16,0,1,0
CUST_341,37,47,67.13,841.19,One year,UPI,No,3,16.99,38,0,1,0
CUST_342,25,58,67.25,4149.41,Month-to-month,Cash,Fiber Optic,1,50.67,1,0,0,1
CUST_343,24,57,57.82,4557.14,Month-to-month,Bank Transfer,Fiber Optic,1,92.56,19,1,1,0
CUST_344,20,23,71.73,4003.85,One year,Credit Card,No,5,25.48,17,1,1,0
CUST_345,34,48,61.31,5881.8,One year,Credit Card,Fiber Optic,7,82.73,28,0,0,0
CUST_346,50,22,39.93,3131.95,One year,Credit Card,Fiber Optic,0,31.91,44,0,0,0
CUST_347,65,17,61.24,7565.24,Month-to-month,UPI,DSL,2,27.72,12,0,0,0
CUST_348,29,69,27.23,3906.25,One year,Bank Transfer,Fiber Optic,4,90.24,6,1,1,1
CUST_349,68,11,77.58,4612.59,Month-to-month,Cash,Fiber Optic,6,5.68,7,0,1,1
CUST_350,39,15,105.37,6621.69,Month-to-month,Cash,Fiber Optic,0,66.41,8,1,0,1
CUST_351,39,35,92.53,2274.37,One year,UPI,DSL,5,5.27,3,1,0,1
CUST_352,63,33,56.04,694.1,Two year,UPI,DSL,5,80.28,21,0,1,0
CUST_353,47,16,28.71,5691.49,Month-to-month,Cash,Fiber Optic,6,83.11,8,1,0,1
CUST_354,55,34,40.21,3915.79,Month-to-month,Bank Transfer,DSL,3,89.44,28,0,0,0
CUST_355,55,66,74.55,7182.38,Month-to-month,UPI,DSL,4,19.42,30,1,0,1
CUST_356,62,40,40.71,7863.17,Month-to-month,Bank Transfer,Fiber Optic,5,13.33,32,0,0,1
CUST_357,68,28,74.4,3252.96,Month-to-month,Cash,Fiber Optic,2,50.85,11,1,1,0
CUST_358,25,47,43.16,3381.97,Two year,Bank Transfer,Fiber Optic,0,27.89,20,1,0,0
CUST_359,44,39,104.89,3322.9,Two year,Credit Card,DSL,2,61.02,16,1,1,0
CUST_360,44,70,59.73,2663.98,One year,Cash,DSL,3,51.86,25,1,0,0
CUST_361,51,20,44.56,6275.33,Month-to-month,Credit Card,Fiber Optic,7,15.34,9,1,0,1
CUST_362,38,1,101.23,6096.07,One year,Cash,Fiber Optic,0,74.19,39,0,1,0
CUST_363,47,63,54.28,3881.29,Month-to-month,Credit Card,Fiber Optic,3,80.57,40,0,0,0
CUST_364,50,67,31.15,452.82,Month-to-month,Bank Transfer,DSL,4,96.34,40,0,0,1
CUST_365,45,4,77.04,2545.52,Month-to-month,Cash,Fiber Optic,4,40.16,3,1,1,1
CUST_366,64,58,78.16,2409.19,One year,Cash,No,7,34.44,16,1,0,0
CUST_367,50,25,91.47,6507.59,Two year,Credit Card,DSL,2,20.03,12,1,0,0
CUST_368,22,47,44.02,791.85,Month-to-month,Bank Transfer,Fiber Optic,2,18.91,15,1,0,0
CUST_369,65,38,64.38,6464.84,Month-to-month,Cash,Fiber Optic,4,32.78,4,1,0,1
CUST_370,36,15,48.24,5386.55,Month-to-month,UPI,DSL,1,98.2,23,1,0,0
CUST_371,21,63,28.1,5886.29,Two year,Credit Card,DSL,4,10.13,27,1,0,1
CUST_372,52,21,107.66,3514.48,Month-to-month,Cash,Fiber Optic,6,26.68,39,1,0,1
CUST_373,66,57,92.89,5469.83,Month-to-month,Bank Transfer,DSL,0,9.51,43,0,1,1
CUST_374,34,53,50.15,4911.33,One year,Bank Transfer,DSL,6,28.09,37,1,0,1
CUST_375,61,46,79.94,6174.94,Month-to-month,Bank Transfer,DSL,3,10.15,13,1,1,1
CUST_376,45,14,40.13,3629.48,Month-to-month,Bank Transfer,DSL,4,51.32,43,1,0,0
CUST_377,47,17,109.02,3835.32,Month-to-month,Credit Card,Fiber Optic,4,44.4,37,1,1,1
CUST_378,46,39,31.49,5184.25,One year,Cash,DSL,7,18.23,40,1,1,0
CUST_379,63,9,20.38,953.81,Month-to-month,Credit Card,DSL,7,18.31,21,0,0,1
CUST_380,23,6,70.2,3546.33,Two year,Credit Card,Fiber Optic,5,62.98,29,0,1,1
CUST_381,52,23,78.31,7778.41,One year,Bank Transfer,Fiber Optic,3,39.33,29,0,0,0
CUST_382,58,59,77.9,396.66,Month-to-month,UPI,Fiber Optic,5,6.56,11,0,1,1
CUST_383,54,46,25.45,2596.44,Month-to-month,Bank Transfer,DSL,3,92.1,28,0,1,1
CUST_384,41,38,51.4,2581.47,Month-to-month,UPI,Fiber Optic,6,41.09,10,1,0,0
CUST_385,46,14,69.92,5104.37,Month-to-month,Credit Card,DSL,0,59.51,5,0,0,1
CUST_386,66,62,41.66,935.82,Two year,Bank Transfer,DSL,3,88.66,25,1,0,0
CUST_387,63,35,107.26,5065.5,Two year,Bank Transfer,Fiber Optic,2,40.81,33,0,0,0
CUST_388,48,19,28.71,850.82,Month-to-month,Credit Card,No,7,82.25,17,1,0,1
CUST_389,52,30,68.74,850.13,Month-to-month,Bank Transfer,Fiber Optic,4,91.56,33,1,0,1
CUST_390,50,25,89.14,5852.65,Month-to-month,Cash,DSL,7,18.23,25,1,0,1
CUST_391,69,40,46.18,2660.67,Month-to-month,UPI,No,3,89.36,33,0,1,1
CUST_392,38,14,82.42,7821.64,One year,UPI,DSL,0,12.86,9,1,0,0
CUST_393,49,26,102.94,395.09,Month-to-month,UPI,No,3,28.24,27,0,0,0
CUST_394,40,22,39.03,3616.34,Two year,Bank Transfer,Fiber Optic,4,81.01,25,1,0,0
CUST_395,50,48,111.72,993.77,Month-to-month,Cash,Fiber Optic,1,90.17,4,0,1,0
CUST_396,20,51,75.36,2875.89,One year,Bank Transfer,Fiber Optic,3,68.73,9,1,1,0
CUST_397,35,3,49.92,7985.96,Two year,UPI,No,2,11.38,15,0,0,1
CUST_398,42,42,63.09,7121.86,Month-to-month,Bank Transfer,No,7,52.78,16,1,1,1
CUST_399,59,19,51.22,481.76,Month-to-month,UPI,Fiber Optic,4,57.69,16,1,1,1
CUST_400,48,28,92.51,4549.72,Month-to-month,Credit Card,Fiber Optic,0,28.9,13,0,1,1
CUST_401,20,45,99.63,5217.8,Month-to-month,UPI,Fiber Optic,6,99.14,14,1,0,0
CUST_402,57,71,103.29,1755.32,Two year,Credit Card,Fiber Optic,6,34.23,22,0,0,1
CUST_403,63,63,118.58,1246.33,Two year,Credit Card,Fiber Optic,4,21.82,21,1,0,0
CUST_404,41,19,99.13,7244.61,Two year,Credit Card,DSL,5,11.9,9,0,0,1
CUST_405,67,47,80.14,7753.65,Two year,UPI,DSL,1,38.47,41,1,0,0
CUST_406,49,14,53.92,7935.95,Month-to-month,Cash,No,0,69.57,4,1,0,0
CUST_407,64,38,74.46,6339.12,Two year,UPI,No,1,23.91,10,0,1,0
CUST_408,39,53,24.11,5341.67,Two year,Bank Transfer,DSL,6,77.18,35,0,0,1
CUST_409,40,61,94.48,2831.27,Month-to-month,Bank Transfer,DSL,1,14.4,9,1,0,0
CUST_410,19,36,64.6,1454.05,Month-to-month,Cash,No,2,44.61,16,1,1,0
CUST_411,44,40,22.0,723.95,Month-to-month,Cash,Fiber Optic,7,70.54,18,1,1,1
CUST_412,59,30,26.25,5577.05,Month-to-month,Cash,Fiber Optic,6,14.4,10,0,1,1
CUST_413,19,9,58.75,6299.31,Month-to-month,Credit Card,DSL,3,60.19,21,0,0,0
CUST_414,43,64,78.34,6628.98,Two year,Cash,No,2,80.1,15,1,1,0
CUST_415,34,33,66.42,7318.74,Two year,Cash,DSL,2,59.96,15,1,0,0
CUST_416,57,52,81.92,7051.44,Month-to-month,Cash,DSL,5,51.63,11,1,1,1
CUST_417,50,14,68.03,7997.96,Month-to-month,UPI,DSL,2,83.99,40,0,0,0
CUST_418,26,53,86.17,2028.11,Two year,Bank Transfer,No,0,98.56,42,0,0,0
CUST_419,60,59,41.91,6130.13,One year,Bank Transfer,Fiber Optic,3,18.95,41,1,1,0
CUST_420,65,41,31.28,4733.03,Month-to-month,Cash,Fiber Optic,3,69.44,37,0,1,0
CUST_421,56,68,79.64,2163.84,One year,Bank Transfer,Fiber Optic,6,8.99,20,1,1,1
CUST_422,46,68,68.47,7857.05,Two year,UPI,No,0,5.24,34,0,1,0
CUST_423,59,8,22.69,7193.4,Two year,Bank Transfer,Fiber Optic,2,28.8,22,1,0,1
CUST_424,43,2,58.05,1115.27,Month-to-month,Credit Card,Fiber Optic,2,97.12,18,1,1,1
CUST_425,52,41,30.61,306.65,Month-to-month,UPI,No,1,55.67,16,0,0,1
CUST_426,67,55,73.14,5537.81,Two year,Bank Transfer,Fiber Optic,6,27.56,5,0,0,0
CUST_427,42,16,59.58,4872.63,Month-to-month,Bank Transfer,Fiber Optic,6,14.13,1,1,1,1
CUST_428,41,62,81.32,7492.94,One year,UPI,No,1,92.1,19,1,1,0
CUST_429,30,48,100.56,1948.64,Month-to-month,Bank Transfer,Fiber Optic,5,36.87,10,1,0,1
CUST_430,24,30,49.97,766.66,Month-to-month,Bank Transfer,Fiber Optic,4,31.36,21,1,0,0
CUST_431,53,12,116.21,2147.8,Month-to-month,Cash,DSL,1,85.94,13,0,0,1
CUST_432,62,35,73.56,249.53,Month-to-month,Credit Card,Fiber Optic,3,60.84,24,0,1,0
CUST_433,37,11,81.83,383.55,Two year,UPI,Fiber Optic,7,17.69,23,0,0,1
CUST_434,18,64,88.07,7327.38,Month-to-month,Cash,DSL,0,42.73,23,1,0,1
CUST_435,25,50,86.67,2880.93,Two year,Bank Transfer,No,2,92.89,11,1,0,0
CUST_436,63,21,71.1,3345.39,Two year,UPI,DSL,4,90.22,2,1,0,1
CUST_437,33,69,62.88,245.14,Month-to-month,UPI,Fiber Optic,1,7.94,6,1,1,1
CUST_438,31,48,25.38,2237.12,One year,Credit Card,Fiber Optic,6,27.59,11,1,1,0
CUST_439,29,20,22.21,6457.34,Month-to-month,Credit Card,Fiber Optic,4,16.3,15,0,0,1
CUST_440,68,67,55.8,4962.38,One year,UPI,DSL,0,53.85,9,0,0,0
CUST_441,40,44,53.37,6054.87,One year,Credit Card,Fiber Optic,7,75.25,12,0,1,0
CUST_442,32,33,58.77,3632.99,Month-to-month,Credit Card,DSL,0,30.26,36,0,1,1
CUST_443,45,61,33.84,2546.86,Month-to-month,Bank Transfer,DSL,6,76.04,28,0,0,1
CUST_444,51,9,93.82,3914.2,One year,Credit Card,DSL,4,67.2,23,1,0,0
CUST_445,19,68,105.7,2652.26,Two year,Credit Card,DSL,4,73.09,27,0,1,0
CUST_446,49,35,113.87,6727.87,Month-to-month,Cash,DSL,5,94.88,24,1,1,0
CUST_447,40,65,69.24,2451.62,One year,Bank Transfer,Fiber Optic,4,43.04,14,1,1,0
CUST_448,39,8,90.09,5312.13,Month-to-month,Bank Transfer,No,2,34.91,35,1,0,1
CUST_449,68,45,105.56,1182.16,Two year,UPI,Fiber Optic,7,68.7,27,1,0,1
CUST_450,42,47,61.83,5526.25,Month-to-month,Credit Card,Fiber Optic,7,80.95,21,1,1,1
CUST_451,39,40,50.94,7315.07,One year,Cash,Fiber Optic,7,19.95,13,0,1,0
CUST_452,39,54,113.67,4907.81,Month-to-month,Cash,Fiber Optic,3,84.83,8,0,1,1
CUST_453,66,46,71.57,4522.86,One year,Bank Transfer,Fiber Optic,1,6.73,44,1,0,1
CUST_454,69,47,69.73,7692.83,Two year,Credit Card,Fiber Optic,6,1.63,44,0,0,1
CUST_455,59,15,37.84,5056.43,One year,Cash,DSL,1,16.68,44,1,0,0
CUST_456,23,19,30.82,2150.45,One year,UPI,DSL,7,97.89,34,0,1,0
CUST_457,32,26,104.21,2409.89,Month-to-month,Credit Card,Fiber Optic,1,52.83,42,1,1,1
CUST_458,60,52,81.41,5671.92,Two year,Credit Card,Fiber Optic,4,5.61,23,1,1,1
CUST_459,54,22,52.58,5909.95,One year,Credit Card,No,6,99.72,9,0,0,0
CUST_460,50,21,39.17,2497.62,Two year,Cash,DSL,4,74.75,1,1,0,0
CUST_461,25,51,75.55,2828.22,Month-to-month,Bank Transfer,DSL,5,83.96,36,0,0,1
CUST_462,61,38,78.39,7929.35,Month-to-month,Bank Transfer,Fiber Optic,4,22.08,16,0,0,1
CUST_463,61,20,40.7,905.43,Month-to-month,UPI,No,5,11.44,25,1,0,1
CUST_464,22,29,105.14,3296.7,Month-to-month,Cash,Fiber Optic,5,51.99,18,1,1,1
CUST_465,56,51,28.43,593.34,Month-to-month,Credit Card,Fiber Optic,2,77.45,34,1,0,0
CUST_466,21,4,55.61,6586.52,Two year,UPI,DSL,2,64.14,38,1,0,1
CUST_467,23,55,88.04,829.53,One year,UPI,Fiber Optic,2,63.47,3,0,1,0
CUST_468,62,71,47.41,5424.66,Two year,Bank Transfer,Fiber Optic,7,75.95,20,0,1,0
CUST_469,49,28,102.77,546.22,Month-to-month,Credit Card,No,2,23.48,19,0,0,0
CUST_470,69,4,93.99,5415.55,Month-to-month,Credit Card,DSL,0,66.49,13,0,0,1
CUST_471,47,22,98.9,6759.99,Two year,Cash,Fiber Optic,2,39.82,17,1,0,0
CUST_472,64,45,31.91,3250.69,Month-to-month,Cash,Fiber Optic,2,7.91,14,1,0,0
CUST_473,52,67,34.05,4224.8,Month-to-month,Cash,DSL,2,21.01,30,0,1,1
CUST_474,57,66,48.65,3272.18,Two year,UPI,Fiber Optic,5,79.61,22,1,1,0
CUST_475,69,34,71.81,2473.86,Month-to-month,Credit Card,Fiber Optic,1,89.7,43,1,0,0
CUST_476,33,55,94.8,6445.78,Month-to-month,Bank Transfer,DSL,6,29.0,43,0,1,1
CUST_477,30,1,103.65,2248.82,Two year,UPI,Fiber Optic,1,19.85,29,0,1,1
CUST_478,67,38,90.43,5811.25,Month-to-month,UPI,DSL,1,3.65,2,1,1,0
CUST_479,59,6,112.86,1728.96,Two year,Bank Transfer,No,3,94.82,8,1,1,0
CUST_480,47,25,93.87,2073.84,Month-to-month,Bank Transfer,Fiber Optic,0,68.7,14,0,0,1
CUST_481,36,17,50.63,2758.04,One year,Cash,Fiber Optic,5,95.75,34,1,0,0
CUST_482,34,61,46.51,4754.34,Month-to-month,Bank Transfer,DSL,4,86.52,13,1,0,1
CUST_483,36,12,89.62,3689.94,One year,Bank Transfer,No,5,34.71,10,0,0,0
CUST_484,45,6,39.29,5986.64,Month-to-month,Bank Transfer,Fiber Optic,2,12.16,8,0,0,1
CUST_485,43,27,29.27,1787.18,Two year,Bank Transfer,DSL,1,50.41,7,1,0,0
CUST_486,54,8,73.22,184.31,Month-to-month,Cash,Fiber Optic,5,3.65,13,1,1,1
CUST_487,43,65,102.16,6234.8,Month-to-month,UPI,DSL,0,15.84,26,1,0,1
CUST_488,40,57,30.14,6591.03,One year,Credit Card,No,2,24.11,32,0,1,0
CUST_489,26,40,99.19,569.89,Month-to-month,Credit Card,No,3,66.9,19,0,0,1
CUST_490,29,14,101.16,4926.17,Month-to-month,UPI,No,4,51.48,15,0,0,1
CUST_491,18,35,68.23,3087.83,Month-to-month,Credit Card,Fiber Optic,2,30.94,2,0,0,1
CUST_492,18,48,25.73,6371.78,Month-to-month,Credit Card,Fiber Optic,6,56.91,37,1,0,1
CUST_493,64,56,37.46,7007.87,Month-to-month,UPI,DSL,4,13.4,19,0,0,1
CUST_494,51,49,90.74,6822.93,Month-to-month,Credit Card,DSL,5,75.82,33,0,1,1
CUST_495,49,13,91.18,6239.91,Month-to-month,Credit Card,DSL,2,71.49,39,0,0,1
CUST_496,65,61,109.84,2225.51,One year,UPI,Fiber Optic,3,22.43,33,1,1,0
CUST_497,42,49,78.27,6513.93,Month-to-month,Credit Card,No,5,61.03,1,1,0,0
CUST_498,57,46,32.41,4314.48,Month-to-month,Bank Transfer,No,0,50.83,39,1,0,0
CUST_499,62,62,32.14,516.78,Two year,UPI,DSL,4,7.02,28,1,1,1
CUST_500,18,8,92.11,3709.82,Two year,Cash,Fiber Optic,4,28.54,17,1,0,0
CUST_501,33,43,38.38,7543.05,Month-to-month,Credit Card,Fiber Optic,0,99.95,6,0,0,0
CUST_502,56,20,52.84,7114.09,Month-to-month,Cash,Fiber Optic,7,10.85,44,1,0,1
CUST_503,22,39,68.72,907.89,Two year,Credit Card,Fiber Optic,7,51.13,20,0,0,0
CUST_504,39,49,22.48,5978.6,Month-to-month,Bank Transfer,Fiber Optic,6,85.08,13,1,0,1
CUST_505,46,64,44.88,6465.76,Month-to-month,UPI,No,7,30.76,12,1,0,1
CUST_506,20,62,60.79,2243.97,Month-to-month,Cash,Fiber Optic,4,26.81,30,1,0,1
CUST_507,29,54,47.96,3825.71,One year,UPI,Fiber Optic,7,89.19,21,0,0,0
CUST_508,43,9,33.64,5716.8,Month-to-month,Cash,DSL,5,31.18,2,1,1,0
CUST_509,33,37,92.8,3568.43,One year,Credit Card,DSL,1,65.5,18,1,0,0
CUST_510,68,49,101.31,991.1,One year,Bank Transfer,Fiber Optic,6,74.29,28,1,1,1
CUST_511,54,41,45.75,5676.47,Month-to-month,Cash,Fiber Optic,0,79.07,4,0,0,1
CUST_512,39,17,97.44,7301.95,Two year,Cash,No,3,99.48,42,0,1,1
CUST_513,46,21,58.56,5254.63,Month-to-month,Bank Transfer,Fiber Optic,6,80.52,43,0,1,1
CUST_514,31,51,70.67,6213.03,One year,Bank Transfer,Fiber Optic,2,66.04,6,0,0,0
CUST_515,45,59,105.6,2931.06,Month-to-month,Bank Transfer,Fiber Optic,7,89.65,38,1,1,1
CUST_516,22,39,95.0,1547.27,Month-to-month,Bank Transfer,DSL,2,90.67,9,1,0,1
CUST_517,64,55,100.51,5177.91,Month-to-month,Bank Transfer,Fiber Optic,0,97.34,20,0,0,0
CUST_518,66,41,33.68,2689.39,Month-to-month,UPI,Fiber Optic,7,77.87,30,1,0,1
CUST_519,47,39,26.97,6894.58,Month-to-month,Credit Card,DSL,1,20.3,37,0,1,1
CUST_520,63,13,109.34,1068.76,Month-to-month,Credit Card,DSL,5,71.27,38,0,1,1
CUST_521,69,64,58.78,3524.36,Month-to-month,Cash,Fiber Optic,3,8.44,4,1,0,0
CUST_522,22,11,48.79,3234.15,One year,Bank Transfer,DSL,2,32.48,38,1,0,0
CUST_523,29,19,92.47,7510.63,Month-to-month,UPI,No,2,12.46,13,1,0,1
CUST_524,33,11,103.64,1309.76,One year,UPI,Fiber Optic,5,95.04,35,0,0,1
CUST_525,43,46,106.25,177.79,Month-to-month,Cash,DSL,1,34.54,30,0,0,1
CUST_526,43,45,51.6,1980.87,Month-to-month,Bank Transfer,DSL,4,71.61,42,0,0,1
CUST_527,65,1,105.22,6580.19,Month-to-month,Credit Card,No,6,57.56,4,0,0,1
CUST_528,38,40,24.09,1753.64,Month-to-month,Bank Transfer,Fiber Optic,0,11.64,25,0,1,1
CUST_529,56,19,24.97,2002.94,One year,UPI,Fiber Optic,1,56.57,31,1,0,0
CUST_530,53,61,82.35,1126.2,Month-to-month,Bank Transfer,DSL,1,66.44,12,0,1,1
CUST_531,50,12,26.31,5751.95,Two year,Credit Card,No,1,88.27,15,0,0,0
CUST_532,47,61,52.46,646.48,Two year,Credit Card,Fiber Optic,1,7.94,26,1,1,0
CUST_533,54,33,87.28,2716.55,Month-to-month,Cash,Fiber Optic,4,30.27,10,1,0,1
CUST_534,40,45,53.73,2331.74,One year,UPI,No,5,69.54,12,1,0,0
CUST_535,27,69,37.96,4485.76,Month-to-month,Bank Transfer,DSL,3,4.4,22,1,1,0
CUST_536,22,8,48.14,5870.29,Month-to-month,Bank Transfer,Fiber Optic,6,21.15,40,0,1,1
CUST_537,53,25,65.76,4309.72,One year,Cash,DSL,1,22.65,21,0,0,0
CUST_538,51,46,67.54,7455.11,Month-to-month,Cash,Fiber Optic,6,67.26,35,1,0,1
CUST_539,69,30,98.3,7616.4,Month-to-month,Cash,DSL,1,29.31,7,1,0,1
CUST_540,48,47,95.02,2955.58,Month-to-month,UPI,No,0,60.36,18,1,0,0
CUST_541,27,49,65.68,6243.67,Month-to-month,Bank Transfer,Fiber Optic,2,96.57,27,0,1,1
CUST_542,36,47,104.57,5936.53,Month-to-month,Cash,Fiber Optic,4,79.53,35,0,0,1
CUST_543,49,18,31.42,7154.42,Month-to-month,UPI,No,1,33.96,2,1,0,0
CUST_544,18,66,45.54,3638.75,Month-to-month,Bank Transfer,No,7,47.77,32,0,0,1
CUST_545,22,68,102.8,4290.74,Month-to-month,Credit Card,Fiber Optic,3,20.87,15,1,0,0
CUST_546,62,33,57.8,3384.62,One year,Cash,Fiber Optic,3,2.56,24,1,1,0
CUST_547,21,36,118.12,6817.98,Month-to-month,UPI,DSL,3,29.68,20,1,0,0
CUST_548,33,19,66.63,1914.65,One year,Bank Transfer,DSL,7,37.57,10,0,0,1
CUST_549,41,28,99.19,1993.7,One year,Bank Transfer,Fiber Optic,0,56.87,24,0,0,0
CUST_550,33,40,60.23,3043.58,One year,Cash,DSL,3,94.46,24,0,0,0
CUST_551,19,15,62.5,1919.71,One year,Cash,Fiber Optic,5,94.84,24,1,0,0
CUST_552,66,41,58.29,4531.95,Month-to-month,Bank Transfer,DSL,0,7.94,40,1,0,0
CUST_553,45,39,91.91,1162.47,Month-to-month,UPI,Fiber Optic,4,61.85,34,0,1,1
CUST_554,49,2,74.75,2629.47,Month-to-month,Credit Card,Fiber Optic,3,5.19,41,0,1,1
CUST_555,44,63,114.38,7316.21,Two year,Bank Transfer,DSL,2,65.16,40,0,1,0
CUST_556,37,29,45.09,3332.88,One year,UPI,DSL,1,12.65,11,1,0,0
CUST_557,41,66,30.06,6011.05,Month-to-month,Cash,Fiber Optic,4,94.69,26,1,0,1
CUST_558,29,51,59.33,996.35,Month-to-month,Bank Transfer,Fiber Optic,5,86.57,1,0,1,0
CUST_559,67,10,81.67,2055.76,Two year,Cash,Fiber Optic,2,3.21,30,1,0,1
CUST_560,52,14,106.08,6478.03,Month-to-month,Credit Card,Fiber Optic,4,78.43,43,1,0,1
CUST_561,50,51,54.62,6127.64,Month-to-month,Cash,DSL,5,63.95,18,1,0,0
CUST_562,50,39,85.38,3150.63,Month-to-month,Credit Card,DSL,3,50.04,26,1,1,0
CUST_563,68,28,55.02,7639.74,Two year,Cash,DSL,4,60.66,9,1,0,0
CUST_564,60,3,81.72,7294.08,Month-to-month,Cash,Fiber Optic,4,68.15,9,0,1,1
CUST_565,54,70,108.48,7702.18,Month-to-month,Credit Card,Fiber Optic,4,88.56,1,1,1,0
CUST_566,29,27,43.14,3480.53,One year,Cash,DSL,0,76.97,7,1,1,0
CUST_567,20,2,60.42,1660.04,Month-to-month,UPI,Fiber Optic,7,57.96,44,0,0,1
CUST_568,18,38,119.33,5050.6,Two year,Cash,Fiber Optic,2,82.64,42,0,1,1
CUST_569,50,3,106.86,5509.71,Month-to-month,Bank Transfer,No,6,98.71,16,0,0,1
CUST_570,57,16,76.46,1090.99,Month-to-month,Cash,Fiber Optic,5,30.72,38,0,1,1
CUST_571,27,40,71.66,6313.22,Two year,UPI,Fiber Optic,7,12.72,11,0,0,1
CUST_572,60,2,48.46,242.68,Two year,Bank Transfer,Fiber Optic,3,73.41,25,1,0,0
CUST_573,61,41,71.72,3913.55,Month-to-month,UPI,No,1,97.88,29,0,1,0
CUST_574,46,12,104.82,2715.03,Month-to-month,Bank Transfer,No,3,12.55,19,0,0,1
CUST_575,30,35,88.52,5948.39,Two year,Cash,Fiber Optic,3,43.74,18,1,0,0
CUST_576,29,65,49.0,2570.81,Month-to-month,UPI,Fiber Optic,0,7.16,29,1,0,1
CUST_577,48,55,40.15,6631.78,Two year,Cash,Fiber Optic,0,77.88,16,0,1,0
CUST_578,63,45,46.52,4800.13,Two year,Bank Transfer,Fiber Optic,4,94.92,40,0,0,0
CUST_579,19,62,36.98,6371.76,Month-to-month,UPI,Fiber Optic,7,50.4,8,1,0,0
CUST_580,68,49,29.56,7915.79,Two year,Credit Card,DSL,3,41.54,34,1,1,0
CUST_581,67,25,61.91,5465.35,Month-to-month,UPI,No,2,90.86,6,0,0,0
CUST_582,52,23,31.33,7881.11,One year,Cash,Fiber Optic,0,14.21,30,1,1,0
CUST_583,40,24,37.19,327.81,Month-to-month,Credit Card,Fiber Optic,5,89.27,44,1,1,1
CUST_584,34,38,74.73,2771.31,Two year,Credit Card,Fiber Optic,7,39.82,34,1,1,0
CUST_585,43,28,36.46,952.04,One year,Bank Transfer,Fiber Optic,0,56.38,21,0,1,0
CUST_586,25,21,26.39,2172.21,One year,Credit Card,DSL,2,53.3,12,0,1,0
CUST_587,46,54,51.74,6727.21,Two year,Credit Card,Fiber Optic,0,61.98,6,0,0,0
CUST_588,43,18,42.03,355.35,Month-to-month,Bank Transfer,Fiber Optic,6,94.27,39,0,0,1
CUST_589,27,36,71.53,4209.45,Month-to-month,UPI,Fiber Optic,2,95.16,6,0,0,0
CUST_590,43,45,30.24,4580.32,Two year,Cash,No,7,83.28,4,0,0,0
CUST_591,51,53,95.18,4533.09,One year,UPI,DSL,6,19.96,9,1,0,1
CUST_592,68,30,110.62,3854.85,Two year,Credit Card,Fiber Optic,6,34.02,5,0,0,0
CUST_593,58,60,94.34,6345.76,Two year,Cash,DSL,1,49.29,10,0,1,1
CUST_594,24,32,73.28,1154.99,Month-to-month,UPI,No,2,90.64,8,1,0,0
CUST_595,21,67,106.07,2553.56,Month-to-month,Cash,DSL,1,52.57,23,0,1,1
CUST_596,67,67,89.49,4964.24,Month-to-month,Credit Card,Fiber Optic,5,97.77,4,1,0,0
CUST_597,62,28,21.06,5558.52,One year,UPI,DSL,4,98.4,37,1,0,0
CUST_598,28,44,59.41,3292.77,Month-to-month,Cash,Fiber Optic,4,60.26,7,1,0,1
CUST_599,46,41,105.1,7015.43,One year,Cash,No,7,87.87,6,1,0,0
CUST_600,53,63,54.59,3382.4,Month-to-month,UPI,DSL,7,99.92,42,0,0,1
CUST_601,42,23,23.52,3281.93,Month-to-month,UPI,Fiber Optic,7,85.12,15,1,1,1
CUST_602,38,48,94.62,386.04,Month-to-month,Credit Card,DSL,6,66.03,35,0,1,1
CUST_603,53,32,100.2,4454.02,Month-to-month,Bank Transfer,Fiber Optic,0,84.67,32,1,0,1
CUST_604,27,57,36.06,5698.58,One year,Cash,Fiber Optic,2,9.18,14,0,0,0
CUST_605,54,33,73.73,1004.06,Month-to-month,UPI,Fiber Optic,0,63.85,35,1,1,1
CUST_606,26,24,39.2,2512.92,Month-to-month,UPI,Fiber Optic,2,22.44,11,1,0,0
CUST_607,41,39,91.92,6271.93,Month-to-month,UPI,Fiber Optic,7,12.49,10,1,0,1
CUST_608,52,34,47.16,2990.76,One year,Cash,DSL,0,89.39,17,1,0,0
CUST_609,66,56,51.62,2008.66,Two year,Credit Card,Fiber Optic,4,64.32,13,0,1,1
CUST_610,52,28,104.5,5410.39,Month-to-month,Bank Transfer,DSL,5,25.11,34,0,1,1
CUST_611,65,37,67.63,1654.39,One year,Cash,Fiber Optic,4,39.29,5,1,1,0
CUST_612,53,7,86.98,7175.66,Month-to-month,Credit Card,Fiber Optic,0,97.35,10,0,0,1
CUST_613,35,68,60.24,934.23,Month-to-month,Cash,DSL,2,86.36,32,0,0,0
CUST_614,66,37,49.8,5681.74,One year,Cash,DSL,3,2.54,12,1,0,1
CUST_615,56,56,82.55,4046.43,Month-to-month,UPI,DSL,5,98.0,13,1,1,1
CUST_616,49,65,35.49,6972.44,One year,Credit Card,No,2,37.48,21,0,0,0
CUST_617,41,65,57.3,1096.94,Month-to-month,UPI,Fiber Optic,0,69.85,33,1,0,0
CUST_618,40,47,40.9,5455.37,Two year,UPI,Fiber Optic,2,71.55,41,0,0,0
CUST_619,49,20,89.58,4619.23,Month-to-month,Credit Card,Fiber Optic,7,91.26,32,0,1,1
CUST_620,54,19,114.42,3892.71,One year,UPI,DSL,1,88.62,12,0,0,0
CUST_621,29,29,119.55,3982.12,Two year,UPI,Fiber Optic,2,28.89,35,1,1,0
CUST_622,66,60,65.03,5803.62,Month-to-month,Bank Transfer,Fiber Optic,4,64.71,36,1,0,1
CUST_623,30,18,45.25,7508.16,Month-to-month,Credit Card,Fiber Optic,6,39.98,38,0,0,1
CUST_624,40,35,64.28,820.89,Month-to-month,Credit Card,No,4,53.03,28,1,0,0
CUST_625,42,43,104.73,254.07,One year,UPI,Fiber Optic,1,55.91,13,0,0,1
CUST_626,52,11,40.6,6465.07,Month-to-month,UPI,DSL,5,40.24,12,0,1,1
CUST_627,58,49,115.21,954.54,Month-to-month,Credit Card,Fiber Optic,2,46.93,22,1,1,1
CUST_628,47,38,54.19,7894.9,One year,Credit Card,Fiber Optic,5,21.63,44,0,0,0
CUST_629,34,64,118.58,4992.85,Month-to-month,Cash,No,3,61.16,2,0,0,1
CUST_630,66,69,103.86,5241.84,One year,Credit Card,Fiber Optic,2,76.14,29,1,1,0
CUST_631,37,8,100.86,1671.24,Month-to-month,Cash,Fiber Optic,4,43.54,13,1,0,1
CUST_632,65,34,51.79,1998.47,Month-to-month,UPI,Fiber Optic,6,97.79,35,1,0,1
CUST_633,42,48,20.88,5308.87,One year,Bank Transfer,Fiber Optic,4,6.67,13,0,0,1
CUST_634,39,56,58.21,7286.84,One year,Bank Transfer,Fiber Optic,5,59.33,34,0,0,1
CUST_635,30,65,50.18,7860.89,Month-to-month,Cash,No,0,58.78,19,1,0,0
CUST_636,36,31,23.74,1664.44,Month-to-month,UPI,DSL,4,4.59,9,0,0,1
CUST_637,66,4,70.54,1159.55,Month-to-month,UPI,DSL,0,23.23,31,1,0,1
CUST_638,53,50,60.3,545.57,Month-to-month,UPI,No,4,90.65,33,1,1,1
CUST_639,29,69,83.46,6959.55,Month-to-month,Credit Card,DSL,7,54.91,27,1,0,1
CUST_640,58,30,82.12,2428.25,Month-to-month,UPI,DSL,4,44.2,2,0,0,1
CUST_641,36,59,32.07,114.32,One year,Credit Card,Fiber Optic,6,42.13,15,1,1,0
CUST_642,29,67,117.7,1868.16,One year,Cash,DSL,3,88.93,19,1,0,0
CUST_643,26,45,38.69,2789.48,Month-to-month,Bank Transfer,No,0,37.34,31,1,0,1
CUST_644,24,4,64.53,7928.79,Month-to-month,Cash,Fiber Optic,0,86.06,16,1,0,0
CUST_645,45,26,68.81,4235.98,Month-to-month,UPI,Fiber Optic,4,31.61,43,0,1,0
CUST_646,31,27,101.31,1717.24,Month-to-month,UPI,DSL,7,53.62,15,0,0,1
CUST_647,48,46,29.92,2745.06,Two year,Cash,DSL,0,15.24,6,1,1,1
CUST_648,69,64,62.86,2709.43,One year,Credit Card,Fiber Optic,4,82.68,14,0,1,0
CUST_649,36,51,82.85,255.83,One year,Credit Card,Fiber Optic,4,73.86,27,0,1,1
CUST_650,64,50,41.52,1167.95,Two year,Credit Card,Fiber Optic,5,53.48,38,0,1,0
CUST_651,33,6,82.75,5592.05,Month-to-month,Bank Transfer,DSL,2,3.56,19,0,0,1
CUST_652,22,59,112.37,1049.98,Month-to-month,Bank Transfer,Fiber Optic,0,48.64,37,1,0,0
CUST_653,52,15,119.75,1922.8,One year,UPI,DSL,6,23.29,43,1,0,0
CUST_654,29,30,23.25,2870.82,Month-to-month,Cash,Fiber Optic,1,41.92,4,0,0,1
CUST_655,42,42,43.56,6086.11,One year,Cash,Fiber Optic,5,85.79,26,1,1,0
CUST_656,69,37,51.03,4700.97,One year,UPI,DSL,0,77.19,9,1,0,0
CUST_657,38,42,59.91,5543.1,One year,Credit Card,Fiber Optic,6,24.95,41,1,0,0
CUST_658,53,35,44.23,4579.4,Month-to-month,Bank Transfer,DSL,7,98.51,40,0,1,1
CUST_659,40,6,40.35,5500.38,Month-to-month,Cash,Fiber Optic,0,90.42,15,1,1,1
CUST_660,33,68,115.46,122.45,One year,UPI,Fiber Optic,3,53.34,41,1,1,0
CUST_661,56,18,111.85,7454.1,Two year,Credit Card,DSL,1,53.48,37,0,1,1
CUST_662,62,29,24.7,976.27,One year,Credit Card,No,1,90.23,4,1,0,0
CUST_663,59,59,53.88,3309.37,Two year,Bank Transfer,Fiber Optic,6,63.98,26,1,0,1
CUST_664,56,47,60.51,6191.2,Month-to-month,Bank Transfer,No,3,54.13,18,1,0,0
CUST_665,31,17,43.9,3538.32,Month-to-month,UPI,DSL,3,75.17,41,1,0,0
CUST_666,48,22,82.89,7580.06,Month-to-month,UPI,No,0,24.27,35,1,0,1
CUST_667,22,68,84.04,3793.95,Month-to-month,Credit Card,DSL,2,87.96,41,0,1,0
CUST_668,52,69,105.05,7012.02,Two year,Credit Card,Fiber Optic,6,53.61,41,1,1,0
CUST_669,40,37,94.09,6505.54,Two year,Cash,No,3,60.75,29,0,1,0
CUST_670,46,49,74.26,7849.79,Month-to-month,Credit Card,DSL,1,9.9,24,0,1,0
CUST_671,60,13,85.36,7419.73,Month-to-month,UPI,DSL,6,31.64,4,1,0,1
CUST_672,28,34,47.4,7195.18,Month-to-month,Bank Transfer,Fiber Optic,1,43.25,21,0,0,1
CUST_673,35,53,79.31,5879.67,Two year,UPI,Fiber Optic,0,41.98,39,0,1,1
CUST_674,64,51,68.92,2999.29,Month-to-month,Cash,Fiber Optic,6,78.05,7,0,0,1
CUST_675,29,3,33.33,938.39,Month-to-month,Cash,DSL,2,28.95,23,0,1,0
CUST_676,26,42,44.25,5540.3,Month-to-month,Bank Transfer,Fiber Optic,4,19.03,40,0,0,1
CUST_677,27,32,49.17,7831.37,Month-to-month,UPI,DSL,6,58.68,21,1,1,1
CUST_678,61,51,112.43,5840.18,Two year,Cash,No,3,61.89,1,0,1,1
CUST_679,34,46,43.04,7436.96,Month-to-month,UPI,Fiber Optic,3,13.04,41,1,0,1
CUST_680,55,21,48.92,6454.01,Month-to-month,Cash,Fiber Optic,0,1.24,25,1,0,0
CUST_681,24,44,56.94,1388.61,Month-to-month,Bank Transfer,DSL,5,91.85,31,0,0,1
CUST_682,63,11,86.37,2068.71,Month-to-month,Cash,No,5,8.88,44,1,0,1
CUST_683,30,68,31.82,2800.74,One year,UPI,Fiber Optic,2,89.89,38,1,0,0
CUST_684,57,1,115.39,1429.26,Month-to-month,UPI,No,1,40.52,5,0,1,1
CUST_685,59,63,106.56,4695.05,Month-to-month,Cash,DSL,1,65.65,31,1,1,1
CUST_686,26,24,77.72,7806.06,Two year,Credit Card,Fiber Optic,4,19.38,1,1,0,0
CUST_687,67,13,87.4,6115.52,Month-to-month,Bank Transfer,Fiber Optic,1,82.57,30,0,0,1
CUST_688,44,11,21.67,3444.76,One year,Bank Transfer,DSL,5,18.84,18,1,1,1
CUST_689,19,51,53.89,135.59,Month-to-month,Cash,Fiber Optic,5,39.26,8,1,0,1
CUST_690,22,17,99.57,2574.88,Month-to-month,Cash,DSL,7,24.56,26,1,0,1
CUST_691,46,24,27.75,4261.4,One year,Credit Card,Fiber Optic,3,83.91,40,1,0,0
CUST_692,54,19,48.23,2661.58,Two year,Bank Transfer,Fiber Optic,4,85.98,15,0,0,0
CUST_693,55,37,78.53,977.18,One year,Credit Card,Fiber Optic,2,37.83,19,1,0,0
CUST_694,36,8,45.64,3597.84,Month-to-month,Bank Transfer,Fiber Optic,4,31.43,10,1,0,1
CUST_695,25,28,113.4,2100.7,Month-to-month,Cash,Fiber Optic,6,77.58,24,1,1,0
CUST_696,65,5,33.11,7282.94,Month-to-month,Bank Transfer,DSL,2,87.97,16,0,1,1
CUST_697,62,17,99.74,903.86,Month-to-month,Bank Transfer,Fiber Optic,5,62.78,43,1,0,1
CUST_698,18,36,70.79,488.31,One year,Bank Transfer,No,1,92.81,31,1,0,0
CUST_699,39,19,95.03,141.98,Month-to-month,Credit Card,DSL,0,38.92,44,1,1,1
CUST_700,69,64,51.07,2691.75,Month-to-month,Credit Card,DSL,4,16.04,16,1,1,1
CUST_701,34,11,71.45,5317.06,One year,Bank Transfer,Fiber Optic,4,18.78,16,1,0,0
CUST_702,24,54,105.68,5870.27,Month-to-month,UPI,Fiber Optic,3,67.31,28,0,0,1
CUST_703,42,45,66.69,3680.77,One year,Credit Card,Fiber Optic,7,41.35,20,1,0,0
CUST_704,62,47,55.97,5506.2,Month-to-month,Cash,Fiber Optic,7,16.48,35,0,0,1
CUST_705,21,12,73.62,2943.32,Month-to-month,Cash,DSL,7,29.93,9,0,1,0
CUST_706,53,21,91.74,5375.67,Two year,Bank Transfer,Fiber Optic,3,53.53,40,0,0,0
CUST_707,23,11,64.36,420.71,Month-to-month,Cash,Fiber Optic,5,13.02,10,1,1,1
CUST_708,48,5,113.89,3186.95,Month-to-month,Credit Card,DSL,2,1.34,18,1,0,1
CUST_709,36,56,49.49,6347.71,One year,UPI,DSL,7,91.81,15,0,1,0
CUST_710,61,20,67.55,6443.75,Two year,UPI,Fiber Optic,0,31.18,30,0,0,0
CUST_711,56,41,95.69,5757.58,Two year,UPI,Fiber Optic,6,22.93,32,1,0,0
CUST_712,44,46,88.91,1713.49,One year,Cash,Fiber Optic,3,70.15,40,1,0,0
CUST_713,27,12,106.36,2052.92,Month-to-month,Bank Transfer,No,3,85.49,27,1,0,0
CUST_714,43,70,119.68,7969.1,Two year,Cash,DSL,1,63.6,27,1,0,1
CUST_715,36,17,62.69,916.69,One year,Bank Transfer,No,1,26.19,19,1,0,0
CUST_716,56,19,31.12,1527.24,Month-to-month,UPI,Fiber Optic,5,86.3,10,1,0,1
CUST_717,20,26,23.04,1127.21,Two year,Credit Card,Fiber Optic,7,51.53,44,0,0,1
CUST_718,62,48,92.69,2688.47,Month-to-month,Cash,No,5,38.74,6,0,0,1
CUST_719,30,52,107.4,1760.39,Month-to-month,Credit Card,Fiber Optic,3,60.87,24,0,1,0
CUST_720,67,70,42.07,4031.73,Two year,UPI,DSL,2,70.36,9,0,0,0
CUST_721,45,55,35.84,3860.56,Month-to-month,Bank Transfer,No,6,59.79,27,1,1,1
CUST_722,37,33,26.22,7221.89,Month-to-month,Credit Card,Fiber Optic,7,92.1,7,1,1,0
CUST_723,45,62,102.27,374.45,Month-to-month,Cash,Fiber Optic,0,63.17,6,1,1,1
CUST_724,25,23,51.14,2627.05,One year,Credit Card,No,3,87.98,33,1,0,0
CUST_725,58,15,60.17,4813.6,Month-to-month,Credit Card,Fiber Optic,2,59.11,21,1,0,0
CUST_726,56,27,70.28,4877.93,Month-to-month,Cash,Fiber Optic,2,33.64,38,1,0,0
CUST_727,18,64,103.95,3893.0,One year,Bank Transfer,Fiber Optic,7,53.7,44,1,0,1
CUST_728,20,51,85.08,6543.76,Two year,Cash,Fiber Optic,3,9.55,17,1,0,0
CUST_729,30,53,81.51,595.51,Month-to-month,UPI,DSL,7,23.79,31,0,0,1
CUST_730,45,51,37.57,6542.35,One year,Bank Transfer,Fiber Optic,2,76.86,37,1,0,0
CUST_731,66,47,71.32,4008.56,One year,Credit Card,DSL,4,66.49,11,1,0,0
CUST_732,42,4,91.54,1156.71,One year,Cash,Fiber Optic,7,17.49,28,1,0,1
CUST_733,50,7,117.33,7097.05,Month-to-month,UPI,No,2,44.36,5,1,0,0
CUST_734,55,35,40.14,5228.91,Two year,Cash,DSL,3,15.06,12,0,0,0
CUST_735,23,48,20.95,1392.01,Month-to-month,Bank Transfer,DSL,2,85.73,3,1,0,0
CUST_736,61,45,27.53,365.83,Month-to-month,UPI,DSL,7,11.81,41,0,0,1
CUST_737,62,19,57.59,1214.77,Month-to-month,Credit Card,Fiber Optic,6,65.77,38,0,1,1
CUST_738,49,63,102.05,4909.5,One year,Bank Transfer,No,3,61.09,2,1,1,0
CUST_739,62,38,20.71,1516.44,Month-to-month,UPI,Fiber Optic,1,47.8,26,0,0,1
CUST_740,64,67,65.67,1883.53,Month-to-month,Bank Transfer,DSL,3,28.55,2,1,1,0
CUST_741,38,59,52.92,298.6,One year,Credit Card,Fiber Optic,2,40.99,12,0,0,0
CUST_742,33,69,25.25,5811.15,Two year,UPI,Fiber Optic,3,80.83,40,1,0,0
CUST_743,38,13,65.02,6501.88,One year,Cash,Fiber Optic,0,76.39,2,1,0,0
CUST_744,28,47,45.47,6395.1,Month-to-month,Cash,Fiber Optic,3,74.14,41,0,1,0
CUST_745,54,61,55.19,1107.79,Month-to-month,Credit Card,DSL,3,75.23,16,0,0,0
CUST_746,53,31,90.56,7236.08,One year,UPI,Fiber Optic,7,15.24,30,1,0,1
CUST_747,52,22,72.16,5411.0,Month-to-month,Credit Card,DSL,0,10.81,36,0,0,1
CUST_748,36,43,32.46,7190.48,One year,Credit Card,DSL,0,86.29,4,0,1,0
CUST_749,37,67,116.14,3632.57,Month-to-month,Bank Transfer,No,0,83.88,11,1,0,0
CUST_750,35,54,83.59,3551.94,Two year,Cash,Fiber Optic,5,68.45,24,0,0,1
CUST_751,64,10,96.59,6297.84,Month-to-month,Credit Card,DSL,4,60.98,18,1,0,1
CUST_752,58,42,27.92,837.05,Month-to-month,Bank Transfer,No,5,37.32,27,1,1,1
CUST_753,66,64,24.71,4214.9,Two year,Credit Card,Fiber Optic,3,23.18,37,0,0,0
CUST_754,31,21,21.94,6707.44,Month-to-month,Credit Card,DSL,5,67.1,2,0,0,1
CUST_755,32,66,38.88,6658.52,Month-to-month,Credit Card,Fiber Optic,7,91.39,15,0,0,0
CUST_756,48,41,61.44,7653.45,Two year,Cash,No,5,44.26,11,1,0,0
CUST_757,18,24,113.58,5616.35,Month-to-month,UPI,Fiber Optic,0,31.02,27,0,0,0
CUST_758,20,35,65.71,1741.39,Month-to-month,Cash,DSL,0,27.8,23,0,0,0
CUST_759,33,56,49.03,260.21,Month-to-month,Bank Transfer,Fiber Optic,1,3.35,35,0,1,0
CUST_760,40,30,76.19,3887.38,Month-to-month,UPI,Fiber Optic,5,52.51,30,0,1,0
CUST_761,28,57,31.19,4158.26,Month-to-month,Bank Transfer,Fiber Optic,4,98.84,24,1,1,0
CUST_762,29,47,80.95,1998.07,One year,Credit Card,DSL,7,81.71,19,0,1,1
CUST_763,27,35,76.84,1085.11,One year,UPI,Fiber Optic,7,89.85,29,0,0,1
CUST_764,49,19,99.2,4731.04,Month-to-month,Bank Transfer,DSL,7,62.5,13,0,1,1
CUST_765,33,8,118.67,6137.62,Month-to-month,Credit Card,Fiber Optic,3,48.66,23,0,1,0
CUST_766,25,26,45.09,7945.92,Two year,Bank Transfer,No,6,99.06,12,0,0,0
CUST_767,55,71,70.97,6090.59,Two year,Bank Transfer,DSL,7,45.27,41,0,0,0
CUST_768,29,30,110.89,6369.7,Month-to-month,Cash,DSL,6,91.77,29,0,0,1
CUST_769,41,7,98.52,4970.04,Two year,Credit Card,Fiber Optic,2,76.42,6,1,0,0
CUST_770,45,67,68.74,7888.79,One year,Cash,Fiber Optic,4,33.77,23,0,0,1
CUST_771,25,65,114.54,5155.66,Month-to-month,UPI,DSL,4,50.8,31,1,1,0
CUST_772,45,36,25.72,6896.0,Month-to-month,Credit Card,Fiber Optic,1,39.05,21,0,1,0
CUST_773,53,25,113.1,7571.7,Month-to-month,Cash,No,3,14.49,24,1,0,1
CUST_774,43,37,25.05,7445.88,Two year,Cash,Fiber Optic,3,36.32,8,0,0,0
CUST_775,25,1,74.73,3113.18,One year,UPI,Fiber Optic,0,89.01,44,1,0,0
CUST_776,67,15,109.04,721.43,One year,Bank Transfer,Fiber Optic,0,75.51,9,1,0,0
CUST_777,45,37,46.27,1457.8,Month-to-month,Bank Transfer,No,4,28.48,22,0,0,1
CUST_778,45,13,67.22,567.86,One year,Bank Transfer,DSL,1,37.42,4,0,1,0
CUST_779,54,8,52.43,932.64,One year,UPI,DSL,3,62.03,13,1,1,0
CUST_780,58,5,115.21,1558.74,Two year,Cash,Fiber Optic,1,42.2,34,1,0,0
CUST_781,53,60,102.36,2794.65,Month-to-month,Credit Card,Fiber Optic,2,50.8,3,0,0,1
CUST_782,44,1,90.9,4393.96,One year,UPI,No,6,70.12,37,1,0,1
CUST_783,34,36,78.76,5722.29,Month-to-month,Bank Transfer,DSL,3,47.26,28,0,0,0
CUST_784,26,35,102.06,1766.33,One year,Bank Transfer,Fiber Optic,0,19.91,26,0,0,1
CUST_785,50,66,59.23,5412.93,One year,Credit Card,Fiber Optic,4,52.54,34,0,1,1
CUST_786,37,63,64.76,5663.65,Month-to-month,UPI,Fiber Optic,1,36.26,15,0,1,0
CUST_787,30,23,93.0,4513.12,One year,Bank Transfer,Fiber Optic,6,29.78,8,0,1,0
CUST_788,45,9,55.78,7238.58,Month-to-month,UPI,DSL,6,33.48,35,0,1,1
CUST_789,65,34,26.39,976.86,Two year,Cash,DSL,7,44.46,24,1,1,0
CUST_790,46,46,27.43,1499.26,Month-to-month,UPI,No,6,88.77,37,1,1,1
CUST_791,30,4,31.54,3486.45,One year,Cash,Fiber Optic,0,73.67,4,0,1,0
CUST_792,63,30,106.97,1101.03,Two year,Credit Card,DSL,4,67.12,12,1,0,0
CUST_793,52,3,67.22,4573.74,Month-to-month,Cash,Fiber Optic,0,47.65,19,0,0,1
CUST_794,23,14,91.29,3247.36,Month-to-month,Cash,No,3,1.18,15,0,0,1
CUST_795,35,60,59.29,2348.31,Month-to-month,Credit Card,Fiber Optic,1,34.71,30,1,0,0
CUST_796,68,45,45.87,1442.92,Month-to-month,Bank Transfer,DSL,2,81.51,37,1,1,0
CUST_797,22,34,54.72,2749.17,One year,Credit Card,Fiber Optic,7,39.43,12,1,0,0
CUST_798,64,45,99.42,4902.88,One year,UPI,Fiber Optic,5,56.82,19,0,0,1
CUST_799,42,61,82.52,4648.7,Two year,Credit Card,DSL,7,21.27,34,0,0,0
CUST_800,19,16,113.76,1392.63,Two year,UPI,DSL,6,91.67,7,1,0,1
CUST_801,27,66,87.97,1086.87,Month-to-month,Bank Transfer,Fiber Optic,0,92.39,28,0,0,1
CUST_802,47,40,77.02,310.75,One year,UPI,Fiber Optic,5,15.46,28,0,0,1
CUST_803,67,17,81.02,198.16,Two year,Credit Card,DSL,1,72.69,29,1,0,0
CUST_804,62,34,114.24,7050.5,Month-to-month,Credit Card,DSL,3,8.45,37,0,0,1
CUST_805,22,16,98.82,456.2,Month-to-month,Bank Transfer,DSL,7,60.26,20,0,0,1
CUST_806,50,60,22.4,5876.65,Month-to-month,Credit Card,DSL,0,18.69,11,0,0,1
CUST_807,18,66,73.41,6988.68,Two year,Bank Transfer,DSL,3,15.42,39,0,1,1
CUST_808,35,66,88.83,874.66,One year,Bank Transfer,Fiber Optic,2,1.41,42,0,0,1
CUST_809,49,13,94.87,3546.78,One year,Credit Card,Fiber Optic,6,94.14,23,1,0,0
CUST_810,64,56,41.31,7702.19,Month-to-month,Cash,Fiber Optic,2,83.1,20,0,0,0
CUST_811,66,31,106.72,6689.7,Two year,UPI,Fiber Optic,6,8.67,20,1,0,1
CUST_812,28,34,115.58,3968.66,Month-to-month,Cash,DSL,4,60.34,11,0,0,1
CUST_813,38,39,43.67,6124.31,One year,Bank Transfer,Fiber Optic,4,24.06,2,1,1,0
CUST_814,43,67,108.26,6683.68,Month-to-month,UPI,DSL,4,27.14,13,0,0,0
CUST_815,42,8,29.7,2849.41,Month-to-month,Cash,DSL,3,87.54,13,0,0,1
CUST_816,39,55,25.57,7148.01,One year,Credit Card,DSL,4,12.32,41,0,1,0
CUST_817,44,27,32.92,3816.74,Two year,Cash,No,1,60.55,15,0,1,0
CUST_818,66,53,25.77,4269.68,Month-to-month,UPI,DSL,5,40.72,31,1,0,1
CUST_819,30,39,104.5,7997.69,Month-to-month,UPI,No,5,19.89,23,0,1,1
CUST_820,50,65,25.91,6762.09,Month-to-month,UPI,Fiber Optic,3,45.74,22,1,1,0
CUST_821,51,17,47.17,2957.98,Month-to-month,UPI,Fiber Optic,3,94.11,16,0,0,0
CUST_822,58,30,30.38,181.73,Month-to-month,Cash,Fiber Optic,4,78.38,42,1,1,1
CUST_823,52,53,49.54,5046.78,One year,Credit Card,DSL,6,14.08,29,1,0,1
CUST_824,18,13,29.06,5660.92,Two year,Credit Card,DSL,5,85.09,20,0,0,1
CUST_825,38,21,86.8,5241.34,Month-to-month,UPI,No,7,93.81,28,1,1,1
CUST_826,65,19,33.33,7746.11,One year,Credit Card,Fiber Optic,5,28.42,27,1,0,1
CUST_827,23,53,105.18,6917.47,Month-to-month,Cash,DSL,4,34.01,44,1,1,1
CUST_828,45,19,101.72,3645.77,Month-to-month,Credit Card,DSL,3,13.5,29,0,1,1
CUST_829,34,57,21.37,596.57,Month-to-month,Bank Transfer,No,2,35.15,5,1,1,0
CUST_830,22,25,109.57,3860.86,One year,Credit Card,No,6,67.64,42,1,0,0
CUST_831,48,31,22.89,5545.03,Month-to-month,UPI,Fiber Optic,7,27.94,38,1,0,1
CUST_832,22,55,43.96,4900.91,Month-to-month,Credit Card,DSL,2,1.68,38,1,1,1
CUST_833,55,23,23.24,4351.28,Month-to-month,Credit Card,Fiber Optic,4,34.52,44,1,0,1
CUST_834,20,32,53.58,3803.67,Month-to-month,Credit Card,DSL,2,45.86,2,1,0,0
CUST_835,40,62,71.39,2420.72,Month-to-month,Credit Card,Fiber Optic,1,57.07,20,1,1,0
CUST_836,54,10,99.66,2291.04,Two year,Bank Transfer,Fiber Optic,1,68.7,43,0,0,1
CUST_837,54,54,53.8,4051.83,One year,Cash,Fiber Optic,1,7.12,13,1,0,0
CUST_838,27,52,90.55,1368.76,Two year,UPI,Fiber Optic,3,47.51,26,0,0,0
CUST_839,27,20,38.75,2791.41,Month-to-month,UPI,No,3,27.37,35,0,0,0
CUST_840,36,32,95.06,2659.44,Month-to-month,Credit Card,Fiber Optic,3,94.85,8,1,0,0
CUST_841,34,14,43.6,4738.35,Month-to-month,Cash,Fiber Optic,3,36.63,28,1,0,0
CUST_842,38,50,34.35,626.79,Month-to-month,Credit Card,DSL,3,10.91,41,1,0,0
CUST_843,31,28,38.54,6654.38,One year,Bank Transfer,DSL,4,5.11,15,1,1,1
CUST_844,26,53,38.21,4542.79,Month-to-month,Cash,DSL,7,27.28,8,0,0,1
CUST_845,63,24,71.29,5399.53,Month-to-month,Cash,Fiber Optic,2,18.71,11,1,0,0
CUST_846,18,22,104.48,5654.44,One year,Cash,Fiber Optic,4,65.33,29,0,0,0
CUST_847,68,30,27.96,2402.72,Month-to-month,Cash,DSL,7,84.85,5,1,0,0
CUST_848,62,63,90.7,3815.94,Two year,Credit Card,DSL,2,31.94,7,1,1,0
CUST_849,30,4,85.43,7654.34,Month-to-month,Bank Transfer,DSL,4,58.2,18,0,0,1
CUST_850,21,59,107.25,6156.97,One year,Cash,Fiber Optic,1,73.3,28,0,0,0
CUST_851,18,8,44.41,7759.5,Month-to-month,UPI,Fiber Optic,0,40.45,12,0,0,1
CUST_852,66,12,65.01,5995.41,Two year,UPI,Fiber Optic,3,7.57,12,1,0,0
CUST_853,57,31,112.58,1487.24,Month-to-month,Bank Transfer,Fiber Optic,0,23.69,36,0,1,0
CUST_854,49,34,86.0,609.83,One year,UPI,Fiber Optic,0,88.42,29,0,1,0
CUST_855,51,49,58.88,4663.53,Month-to-month,Credit Card,Fiber Optic,1,82.62,11,1,0,0
CUST_856,45,57,33.14,2926.72,One year,Credit Card,DSL,0,9.57,6,1,1,0
CUST_857,48,26,46.25,2276.12,Month-to-month,Bank Transfer,Fiber Optic,0,23.17,21,0,0,0
CUST_858,25,18,78.12,6476.97,Month-to-month,Cash,Fiber Optic,1,77.15,10,1,1,0
CUST_859,56,38,91.82,2999.25,Two year,UPI,DSL,7,49.1,32,0,0,1
CUST_860,43,50,32.44,2604.31,Two year,UPI,No,2,76.24,33,0,0,0
CUST_861,51,8,79.96,6814.9,Month-to-month,Bank Transfer,Fiber Optic,4,21.9,17,0,0,1
CUST_862,20,41,75.04,6785.67,Two year,Bank Transfer,Fiber Optic,5,95.32,3,1,1,0
CUST_863,67,6,71.4,2915.3,Month-to-month,UPI,Fiber Optic,0,78.58,43,0,1,1
CUST_864,29,69,89.01,6676.74,Two year,Cash,DSL,7,20.55,18,0,0,1
CUST_865,18,44,103.74,6821.15,One year,Bank Transfer,DSL,3,56.29,10,0,0,0
CUST_866,61,64,52.3,3449.05,Month-to-month,Credit Card,Fiber Optic,1,12.2,41,1,1,1
CUST_867,22,29,108.9,625.14,Two year,UPI,DSL,6,36.78,39,1,0,1
CUST_868,47,28,36.06,112.52,Two year,Bank Transfer,DSL,6,66.3,43,0,0,1
CUST_869,47,11,37.3,4234.01,Month-to-month,Bank Transfer,No,0,33.68,8,0,0,0
CUST_870,34,65,46.68,2818.2,One year,Bank Transfer,Fiber Optic,5,66.02,34,1,0,0
CUST_871,65,19,31.95,7977.34,Month-to-month,UPI,DSL,2,25.23,37,0,0,1
CUST_872,64,9,43.03,6202.05,Two year,Credit Card,DSL,7,72.4,41,0,0,1
CUST_873,40,27,30.64,6114.08,One year,Credit Card,Fiber Optic,2,36.6,33,0,0,0
CUST_874,32,34,102.18,7646.42,Month-to-month,UPI,DSL,5,79.26,10,1,0,1
CUST_875,54,44,33.9,7113.02,One year,Bank Transfer,DSL,3,14.53,40,1,1,0
CUST_876,38,68,94.73,2613.68,One year,UPI,Fiber Optic,0,36.84,18,0,1,0
CUST_877,31,15,24.79,1411.3,One year,UPI,DSL,3,46.93,25,0,0,0
CUST_878,19,51,114.85,5992.55,Month-to-month,Bank Transfer,Fiber Optic,2,42.96,42,1,0,1
CUST_879,28,13,91.12,3088.36,Month-to-month,UPI,Fiber Optic,6,43.88,41,0,0,1
CUST_880,68,49,20.68,3838.06,One year,Cash,DSL,2,45.04,36,1,0,0
CUST_881,56,70,96.39,5080.14,Month-to-month,Credit Card,DSL,4,98.89,2,0,1,1
CUST_882,55,56,71.41,7272.19,Month-to-month,Cash,Fiber Optic,2,20.12,19,1,0,0
CUST_883,51,51,97.94,3410.79,One year,Cash,Fiber Optic,1,77.1,10,0,0,0
CUST_884,55,37,72.25,6288.2,Month-to-month,Cash,DSL,4,55.63,3,1,1,0
CUST_885,67,17,84.1,2219.88,One year,UPI,DSL,3,41.95,19,0,0,1
CUST_886,51,58,98.63,5613.98,One year,Bank Transfer,No,2,63.72,26,0,1,0
CUST_887,35,29,60.51,112.48,One year,UPI,DSL,5,85.5,25,1,1,0
CUST_888,47,33,20.27,6984.91,Month-to-month,Credit Card,No,1,47.2,17,1,0,0
CUST_889,32,60,104.99,340.0,Month-to-month,UPI,DSL,4,86.62,10,0,1,1
CUST_890,44,55,58.09,5730.75,Month-to-month,UPI,DSL,1,10.29,11,0,0,1
CUST_891,68,10,69.6,465.44,Two year,UPI,Fiber Optic,4,65.66,11,1,1,0
CUST_892,51,47,20.78,2203.34,Month-to-month,UPI,DSL,4,33.98,12,1,0,1
CUST_893,69,23,69.21,4027.9,Two year,Cash,DSL,4,39.28,40,1,1,1
CUST_894,55,21,118.65,3417.52,One year,Bank Transfer,DSL,7,57.53,8,0,1,0
CUST_895,50,13,47.83,1615.51,Two year,Credit Card,No,7,48.51,24,0,0,1
CUST_896,41,33,59.54,2737.14,Month-to-month,Credit Card,Fiber Optic,5,38.8,14,1,0,0
CUST_897,32,24,88.72,5848.88,Month-to-month,Credit Card,Fiber Optic,3,31.52,23,0,1,1
CUST_898,47,11,101.48,5387.13,Two year,UPI,Fiber Optic,4,62.21,36,1,1,1
CUST_899,59,17,61.74,667.34,Month-to-month,Credit Card,Fiber Optic,4,51.05,17,1,1,0
CUST_900,68,68,50.97,6003.8,Month-to-month,Cash,Fiber Optic,7,33.01,5,1,1,1
CUST_901,34,47,113.78,519.06,Month-to-month,Bank Transfer,DSL,1,21.29,3,0,0,0
CUST_902,22,25,87.71,4389.12,Two year,UPI,DSL,4,77.67,9,0,1,1
CUST_903,46,21,31.9,2154.5,One year,UPI,DSL,3,80.17,20,1,0,0
CUST_904,21,12,26.89,4742.75,One year,Cash,DSL,6,22.17,20,0,1,0
CUST_905,27,37,68.35,2164.49,One year,Credit Card,DSL,5,26.9,19,1,1,0
CUST_906,34,42,42.01,7881.17,Month-to-month,UPI,DSL,5,24.68,21,0,0,1
CUST_907,27,17,45.4,2546.85,One year,UPI,No,1,88.57,16,0,0,0
CUST_908,34,48,107.77,2011.49,Month-to-month,Cash,No,6,77.64,33,0,0,1
CUST_909,37,28,28.96,2299.88,Two year,Cash,DSL,4,8.38,5,1,0,0
CUST_910,41,41,91.54,7182.14,Month-to-month,Credit Card,DSL,1,83.43,24,0,0,1
CUST_911,22,47,47.11,5126.13,Month-to-month,Bank Transfer,DSL,7,4.65,15,0,0,1
CUST_912,51,18,96.03,5872.4,Month-to-month,Bank Transfer,DSL,5,26.07,26,1,0,1
CUST_913,23,71,92.24,7352.28,Month-to-month,Credit Card,DSL,3,91.98,44,0,0,1
CUST_914,19,13,20.74,7303.79,One year,Bank Transfer,No,1,86.57,25,1,0,0
CUST_915,30,13,70.91,5937.67,Month-to-month,Cash,DSL,3,78.36,28,1,0,0
CUST_916,60,31,33.93,1662.81,Month-to-month,Cash,DSL,7,46.3,33,1,0,0
CUST_917,60,2,106.62,6762.65,Month-to-month,Cash,DSL,7,32.82,18,1,1,1
CUST_918,65,16,107.16,1709.83,One year,Bank Transfer,No,6,88.27,18,1,0,0
CUST_919,28,9,61.83,5968.9,Month-to-month,Bank Transfer,No,6,66.05,38,0,0,1
CUST_920,68,38,64.44,5516.26,One year,UPI,Fiber Optic,2,30.26,33,0,1,0
CUST_921,64,54,50.33,6095.22,Month-to-month,UPI,Fiber Optic,4,46.86,27,0,0,1
CUST_922,40,56,91.66,4308.22,Month-to-month,UPI,DSL,3,88.27,15,1,1,1
CUST_923,33,45,55.87,5145.94,Month-to-month,Bank Transfer,DSL,4,90.44,44,0,1,1
CUST_924,48,34,46.78,7631.23,Two year,UPI,Fiber Optic,6,66.27,13,1,0,0
CUST_925,28,9,63.22,898.6,One year,Cash,Fiber Optic,3,73.52,34,0,0,0
CUST_926,33,8,29.15,2539.89,Month-to-month,Bank Transfer,DSL,0,4.89,4,1,0,1
CUST_927,25,7,94.66,4929.72,One year,Credit Card,DSL,6,60.86,35,0,0,1
CUST_928,21,36,21.26,7716.03,Two year,Bank Transfer,Fiber Optic,0,69.21,19,1,0,0
CUST_929,57,18,84.45,855.04,Month-to-month,UPI,DSL,0,3.02,31,1,0,0
CUST_930,21,3,38.29,278.14,Two year,Bank Transfer,Fiber Optic,6,84.54,25,1,0,0
CUST_931,42,28,43.24,540.42,Month-to-month,UPI,Fiber Optic,3,92.9,40,0,1,1
CUST_932,20,70,83.56,514.0,Two year,UPI,DSL,5,24.56,12,1,0,0
CUST_933,49,44,119.29,7271.75,Month-to-month,Credit Card,Fiber Optic,5,84.73,12,1,1,1
CUST_934,20,21,97.77,5797.94,Month-to-month,Credit Card,No,4,66.89,42,1,1,1
CUST_935,44,28,42.58,5449.14,Month-to-month,Cash,DSL,0,58.49,25,1,0,0
CUST_936,46,54,37.6,4228.33,Two year,UPI,DSL,4,84.47,33,0,0,0
CUST_937,49,54,106.62,6277.43,One year,Bank Transfer,DSL,3,29.28,37,1,0,0
CUST_938,67,65,64.42,1329.62,One year,Credit Card,Fiber Optic,4,79.29,28,0,1,0
CUST_939,68,21,33.71,3196.34,Month-to-month,Credit Card,Fiber Optic,4,32.14,43,1,0,1
CUST_940,36,13,106.22,3971.03,Month-to-month,UPI,Fiber Optic,0,78.96,9,0,1,1
CUST_941,38,57,101.61,972.24,Month-to-month,Bank Transfer,DSL,6,45.65,14,0,1,1
CUST_942,22,49,118.39,3414.16,Month-to-month,Credit Card,No,5,12.58,3,1,1,0
CUST_943,35,54,110.97,2600.36,Month-to-month,Credit Card,Fiber Optic,1,38.77,5,0,0,0
CUST_944,45,10,105.18,381.1,Two year,Bank Transfer,Fiber Optic,2,24.12,26,1,0,1
CUST_945,59,53,25.26,1180.21,One year,Credit Card,DSL,3,10.95,41,0,0,0
CUST_946,39,44,30.44,6135.89,Month-to-month,Bank Transfer,DSL,3,11.92,18,1,0,1
CUST_947,38,47,76.9,242.5,One year,UPI,Fiber Optic,3,78.23,38,1,0,0
CUST_948,23,53,73.15,7480.6,Two year,Credit Card,Fiber Optic,2,88.26,21,0,1,0
CUST_949,18,46,65.8,782.75,One year,UPI,Fiber Optic,1,92.79,39,0,1,0
CUST_950,22,13,59.68,6413.98,One year,Bank Transfer,DSL,5,85.54,16,0,0,0
CUST_951,58,37,63.12,7199.07,Two year,UPI,Fiber Optic,4,83.19,40,1,0,0
CUST_952,29,24,76.93,7534.97,One year,UPI,Fiber Optic,5,7.81,23,1,0,0
CUST_953,43,2,20.21,6953.07,Month-to-month,UPI,No,7,79.22,29,0,1,1
CUST_954,63,14,46.07,2371.65,Month-to-month,Cash,DSL,3,78.54,10,0,0,1
CUST_955,51,10,71.83,2731.39,Two year,Bank Transfer,Fiber Optic,4,14.0,5,0,0,1
CUST_956,66,35,92.22,3469.71,Month-to-month,Bank Transfer,Fiber Optic,0,66.54,11,1,0,1
CUST_957,31,25,37.42,1200.44,Month-to-month,Bank Transfer,No,5,45.8,29,1,1,1
CUST_958,43,3,74.69,275.95,Month-to-month,Bank Transfer,Fiber Optic,0,90.1,27,1,0,0
CUST_959,62,17,91.45,6966.06,One year,Bank Transfer,No,0,69.85,34,0,0,1
CUST_960,44,12,64.46,4477.62,Two year,Credit Card,No,6,95.15,14,1,0,0
CUST_961,26,54,22.71,4908.91,Month-to-month,Credit Card,DSL,5,11.39,41,1,0,1
CUST_962,43,24,64.93,7423.21,Month-to-month,Credit Card,Fiber Optic,3,5.02,42,1,0,0
CUST_963,64,29,49.64,5354.45,Two year,UPI,Fiber Optic,2,97.38,10,1,1,0
CUST_964,39,43,112.96,5557.74,Month-to-month,UPI,DSL,3,8.94,42,0,1,1
CUST_965,64,25,32.46,6317.05,Month-to-month,Bank Transfer,DSL,0,39.23,11,1,0,0
CUST_966,47,60,85.25,1019.15,Two year,Cash,DSL,0,65.35,11,1,1,0
CUST_967,60,65,25.27,2945.28,Month-to-month,Bank Transfer,Fiber Optic,3,88.13,35,1,0,0
CUST_968,65,28,64.62,7748.84,Month-to-month,Credit Card,DSL,2,26.2,19,1,1,0
CUST_969,34,16,75.4,7391.15,One year,Bank Transfer,No,2,3.88,24,0,1,1
CUST_970,43,47,49.8,7084.19,Month-to-month,UPI,Fiber Optic,6,52.61,1,0,0,0
CUST_971,53,58,65.51,3671.5,Two year,Bank Transfer,Fiber Optic,4,47.64,12,1,0,0
CUST_972,18,27,36.36,6871.82,Month-to-month,Credit Card,DSL,1,31.38,14,0,0,0
CUST_973,25,53,50.41,482.33,Month-to-month,Bank Transfer,Fiber Optic,0,87.52,3,1,1,0
CUST_974,66,42,82.11,1273.29,Month-to-month,UPI,Fiber Optic,7,75.18,32,1,1,1
CUST_975,52,59,50.18,3370.34,Month-to-month,Cash,DSL,2,85.95,16,0,0,1
CUST_976,69,47,109.97,3918.8,Two year,Credit Card,Fiber Optic,5,17.02,38,1,1,1
CUST_977,32,34,82.84,2181.71,One year,Bank Transfer,Fiber Optic,6,69.55,10,1,1,1
CUST_978,64,37,63.86,2916.17,Two year,UPI,DSL,0,97.54,17,0,0,0
CUST_979,39,6,23.88,1385.93,Month-to-month,Credit Card,Fiber Optic,1,61.58,40,0,0,1
CUST_980,31,7,69.95,3964.16,One year,Credit Card,DSL,5,17.97,4,1,0,1
CUST_981,43,25,96.48,6371.36,Month-to-month,UPI,Fiber Optic,0,99.58,15,1,1,1
CUST_982,45,33,46.56,5324.75,Two year,Bank Transfer,Fiber Optic,6,53.3,33,1,0,0
CUST_983,40,55,100.68,951.56,One year,Bank Transfer,DSL,6,84.17,39,1,1,0
CUST_984,31,58,45.18,3951.89,Month-to-month,Bank Transfer,Fiber Optic,2,15.79,10,0,1,0
CUST_985,41,7,102.37,5611.41,Month-to-month,Credit Card,Fiber Optic,4,66.94,7,1,0,1
CUST_986,19,57,28.53,4286.17,Month-to-month,Cash,Fiber Optic,3,91.35,33,0,0,1
CUST_987,62,12,106.62,3194.24,One year,Credit Card,DSL,7,53.67,17,0,1,0
CUST_988,43,16,69.92,5013.12,Two year,Bank Transfer,DSL,6,29.58,12,0,1,0
CUST_989,31,43,49.65,7752.25,Month-to-month,Credit Card,DSL,5,13.61,17,0,1,1
CUST_990,68,7,46.51,849.77,Month-to-month,Cash,No,3,30.3,16,1,0,0
CUST_991,24,51,63.2,3181.13,Month-to-month,Credit Card,DSL,2,36.13,14,0,1,1
CUST_992,20,32,119.9,3312.19,One year,UPI,Fiber Optic,7,71.29,3,0,0,0
CUST_993,64,8,42.03,4658.04,Month-to-month,Bank Transfer,No,2,18.68,44,0,0,1
CUST_994,40,45,30.32,1302.18,Month-to-month,Bank Transfer,Fiber Optic,7,11.5,30,1,0,1
CUST_995,63,59,78.5,1495.48,Month-to-month,Bank Transfer,Fiber Optic,7,39.31,41,1,1,0
CUST_996,60,4,68.85,2354.35,One year,Credit Card,No,5,46.41,35,1,0,0
CUST_997,64,67,72.42,7651.37,Month-to-month,Credit Card,Fiber Optic,1,63.21,26,1,1,0
CUST_998,62,29,86.69,5899.46,One year,Credit Card,DSL,7,71.05,12,1,1,0
CUST_999,35,29,46.71,5327.38,Month-to-month,Bank Transfer,DSL,6,89.04,31,0,0,1
CUST_1000,55,28,111.07,6553.97,Month-to-month,Credit Card,DSL,5,29.61,17,1,0,1
CUST_1001,52,44,63.57,1107.85,Month-to-month,Bank Transfer,Fiber Optic,0,53.33,37,0,0,1
CUST_1002,68,4,32.91,6888.73,Month-to-month,Credit Card,DSL,1,37.24,8,0,0,0
CUST_1003,32,9,94.23,4799.18,Month-to-month,Bank Transfer,Fiber Optic,7,1.14,19,1,0,0
CUST_1004,42,5,84.31,2749.1,Month-to-month,UPI,DSL,3,58.36,26,1,0,1
CUST_1005,54,56,51.57,6545.26,One year,Credit Card,DSL,0,81.76,4,1,0,0
CUST_1006,45,50,82.15,6440.26,Month-to-month,Bank Transfer,Fiber Optic,1,4.61,15,0,0,1
CUST_1007,27,15,41.99,6781.1,Month-to-month,UPI,DSL,3,1.35,14,1,0,0
CUST_1008,56,32,64.48,1012.59,Two year,UPI,Fiber Optic,0,73.05,30,1,0,0
CUST_1009,34,28,109.94,7757.95,One year,Cash,No,4,68.7,42,0,1,1
CUST_1010,56,22,33.35,7681.05,One year,Credit Card,Fiber Optic,6,41.18,24,0,0,1
CUST_1011,39,17,58.67,2924.01,Two year,Bank Transfer,DSL,5,66.5,43,1,1,0
CUST_1012,43,59,102.11,620.56,Month-to-month,Cash,No,5,95.39,34,0,0,1
CUST_1013,61,71,116.95,1419.74,One year,Credit Card,DSL,5,25.54,19,0,0,1
CUST_1014,42,57,65.39,7943.36,Month-to-month,UPI,Fiber Optic,7,25.35,3,0,0,1
CUST_1015,34,26,70.7,4547.8,Month-to-month,Credit Card,DSL,4,19.44,4,0,1,1
CUST_1016,30,25,77.22,2917.31,Month-to-month,Bank Transfer,DSL,6,72.67,11,0,0,1
CUST_1017,37,10,113.23,2376.8,Month-to-month,UPI,No,1,35.97,13,0,0,1
CUST_1018,42,45,105.82,2130.23,Month-to-month,Cash,Fiber Optic,6,98.88,18,0,1,1
CUST_1019,21,11,37.06,5346.81,Month-to-month,Credit Card,Fiber Optic,2,71.75,19,1,0,0
CUST_1020,27,53,63.68,3413.16,Month-to-month,Credit Card,Fiber Optic,0,37.37,44,0,0,1
CUST_1021,20,68,66.4,7726.74,Month-to-month,Cash,Fiber Optic,1,15.77,33,1,0,0
CUST_1022,58,28,98.91,5502.36,Month-to-month,Credit Card,No,2,59.61,38,1,0,1
CUST_1023,62,65,80.29,6357.15,Month-to-month,Credit Card,Fiber Optic,5,30.2,3,1,1,1
CUST_1024,35,49,85.42,2412.66,Month-to-month,Credit Card,Fiber Optic,5,90.65,35,0,0,1
CUST_1025,64,47,119.82,725.57,Month-to-month,UPI,Fiber Optic,5,44.7,1,0,0,1
CUST_1026,53,52,27.5,3953.8,One year,UPI,No,2,29.97,35,1,1,0
CUST_1027,64,54,42.3,2585.19,Month-to-month,Bank Transfer,DSL,0,59.27,36,1,1,0
CUST_1028,39,60,60.79,1696.46,Two year,Credit Card,Fiber Optic,0,14.56,38,0,0,0
CUST_1029,51,57,54.78,7625.87,Two year,Bank Transfer,DSL,2,56.59,39,0,1,0
CUST_1030,64,47,22.16,3607.51,Month-to-month,UPI,DSL,3,6.56,25,1,0,0
CUST_1031,25,31,29.18,1480.2,One year,Credit Card,DSL,5,61.08,40,0,1,1
CUST_1032,57,46,88.1,1669.34,Month-to-month,Bank Transfer,Fiber Optic,1,53.49,13,1,0,0
CUST_1033,66,26,107.93,2317.61,Month-to-month,Credit Card,No,0,52.56,4,1,0,1
CUST_1034,61,5,71.42,7994.6,Two year,Credit Card,Fiber Optic,6,68.73,6,0,0,1
CUST_1035,36,52,73.92,2217.29,Month-to-month,Cash,Fiber Optic,2,5.4,11,0,1,1
CUST_1036,59,54,45.51,2697.53,Two year,Bank Transfer,Fiber Optic,7,46.51,1,1,0,0
CUST_1037,58,33,96.79,5308.69,One year,UPI,Fiber Optic,3,44.96,8,1,0,0
CUST_1038,54,50,95.18,2422.29,Month-to-month,Bank Transfer,No,4,46.52,34,1,0,1
CUST_1039,23,38,78.84,1804.85,Month-to-month,Bank Transfer,Fiber Optic,7,98.01,40,1,0,1
CUST_1040,69,27,41.27,1353.23,Month-to-month,Bank Transfer,DSL,7,14.79,9,0,1,1
CUST_1041,43,15,29.7,2570.19,Month-to-month,Cash,DSL,2,69.35,36,1,1,1
CUST_1042,51,61,26.42,936.73,Month-to-month,Credit Card,No,6,40.8,39,1,1,0
CUST_1043,62,21,79.27,247.31,One year,UPI,No,3,51.66,42,1,0,1
CUST_1044,23,46,102.5,6456.67,Month-to-month,Cash,DSL,4,76.48,37,0,0,0
CUST_1045,54,69,105.83,1189.37,Month-to-month,UPI,DSL,3,16.58,42,1,0,0
CUST_1046,50,6,66.36,6230.22,Month-to-month,Cash,Fiber Optic,0,76.59,44,1,1,0
CUST_1047,39,38,98.43,6400.59,Two year,Credit Card,Fiber Optic,7,7.96,21,1,0,1
CUST_1048,38,62,114.69,4349.56,Month-to-month,UPI,Fiber Optic,2,48.85,20,1,0,1
CUST_1049,23,62,47.52,2546.49,Month-to-month,Bank Transfer,No,6,74.47,38,0,0,1
CUST_1050,23,46,59.8,1245.76,Two year,Cash,Fiber Optic,4,20.06,1,0,0,0
CUST_1051,65,13,113.15,5920.76,Month-to-month,UPI,No,3,77.32,35,1,0,0
CUST_1052,21,3,53.82,4850.96,Month-to-month,Credit Card,Fiber Optic,7,17.51,28,1,1,1
CUST_1053,47,6,111.39,5278.08,Two year,UPI,DSL,4,80.12,7,0,0,1
CUST_1054,28,8,118.1,168.49,One year,Cash,Fiber Optic,7,47.42,43,0,0,1
CUST_1055,47,44,86.18,7427.38,Month-to-month,Credit Card,Fiber Optic,1,68.78,44,1,0,1
CUST_1056,48,33,101.69,623.69,Month-to-month,Bank Transfer,DSL,6,91.82,9,1,0,0
CUST_1057,41,50,94.95,2997.77,One year,Cash,DSL,2,41.43,1,1,1,0
CUST_1058,26,11,89.95,3281.42,Month-to-month,Cash,Fiber Optic,0,24.06,36,0,0,1
CUST_1059,20,28,50.69,110.71,Two year,Credit Card,Fiber Optic,7,86.85,34,1,0,0
CUST_1060,68,70,25.71,4027.01,Month-to-month,Cash,Fiber Optic,4,17.0,34,1,1,0
CUST_1061,48,41,54.31,6047.19,Month-to-month,UPI,DSL,5,63.52,17,1,0,0
CUST_1062,57,16,86.69,6603.82,Month-to-month,Bank Transfer,Fiber Optic,3,92.4,32,0,0,1
CUST_1063,54,68,30.25,7047.24,One year,UPI,DSL,5,67.77,2,1,0,0
CUST_1064,53,48,21.19,3952.98,Two year,Credit Card,Fiber Optic,4,20.37,36,0,0,0
CUST_1065,41,56,33.97,5082.03,One year,Cash,Fiber Optic,6,16.08,25,0,0,1
CUST_1066,48,64,91.57,728.21,Two year,Bank Transfer,Fiber Optic,5,25.98,43,1,0,1
CUST_1067,23,59,117.28,3955.5,Month-to-month,Credit Card,Fiber Optic,3,39.75,26,0,0,1
CUST_1068,19,62,118.31,1323.04,Month-to-month,UPI,Fiber Optic,4,16.76,26,0,0,1
CUST_1069,37,11,69.4,3020.18,Two year,Cash,Fiber Optic,0,79.98,21,0,0,0
CUST_1070,45,18,106.94,2701.51,Two year,Cash,Fiber Optic,0,36.35,18,1,0,0
CUST_1071,28,19,93.68,3445.97,Two year,Credit Card,DSL,2,93.67,29,0,0,1
CUST_1072,21,55,70.1,4615.93,One year,UPI,Fiber Optic,0,84.41,24,1,0,0
CUST_1073,32,26,77.28,7232.73,Month-to-month,Cash,Fiber Optic,4,90.97,28,1,1,1
CUST_1074,23,6,33.72,3216.43,Month-to-month,UPI,Fiber Optic,6,30.15,12,1,0,1
CUST_1075,66,4,113.77,7850.94,Two year,Bank Transfer,Fiber Optic,4,57.8,11,1,0,1
CUST_1076,47,29,55.19,6096.32,Month-to-month,Cash,No,0,32.82,27,1,0,0
CUST_1077,55,59,64.61,4140.7,Month-to-month,Bank Transfer,DSL,1,26.44,23,0,1,1
CUST_1078,68,17,87.17,5187.81,One year,Cash,DSL,4,61.1,33,0,1,1
CUST_1079,19,43,53.39,907.57,Month-to-month,Credit Card,No,2,81.98,16,1,1,1
CUST_1080,32,66,45.43,6771.72,Two year,Cash,Fiber Optic,1,10.27,28,1,0,0
CUST_1081,28,34,83.1,4700.62,Month-to-month,Cash,DSL,0,28.3,28,0,0,0
CUST_1082,25,8,22.5,7889.93,One year,UPI,No,6,21.31,38,1,0,0
CUST_1083,43,13,92.07,5127.79,One year,UPI,DSL,3,80.04,6,1,0,0
CUST_1084,68,8,71.4,6689.48,One year,Bank Transfer,Fiber Optic,4,93.4,42,1,1,1
CUST_1085,62,65,80.58,6418.13,Month-to-month,Bank Transfer,Fiber Optic,3,8.91,29,0,0,1
CUST_1086,61,43,83.19,2829.14,Month-to-month,Bank Transfer,Fiber Optic,5,38.54,34,1,1,1
CUST_1087,22,39,72.71,2150.92,Month-to-month,Cash,Fiber Optic,2,91.54,3,0,1,1
CUST_1088,23,59,78.25,3500.9,Month-to-month,Cash,DSL,1,35.12,6,1,0,0
CUST_1089,43,44,88.38,3791.21,One year,Bank Transfer,DSL,7,71.55,38,0,1,1
CUST_1090,21,9,95.31,1996.67,Month-to-month,Credit Card,Fiber Optic,3,10.97,13,1,0,1
CUST_1091,36,37,92.75,7167.32,Month-to-month,Credit Card,DSL,7,44.99,36,1,0,0
CUST_1092,37,36,106.96,4386.13,Month-to-month,Cash,No,2,50.83,15,1,0,0
CUST_1093,50,28,38.94,7829.71,One year,Credit Card,Fiber Optic,3,76.01,6,1,0,0
CUST_1094,37,42,60.11,6499.14,Month-to-month,Credit Card,DSL,3,29.59,33,0,0,0
CUST_1095,66,43,114.78,4490.07,Two year,Bank Transfer,Fiber Optic,2,27.15,41,0,0,1
CUST_1096,29,42,59.66,7581.62,One year,Credit Card,DSL,7,30.99,12,1,1,0
CUST_1097,64,66,32.49,4088.51,One year,Credit Card,DSL,4,56.01,43,1,0,0
CUST_1098,18,55,72.54,7108.14,Two year,Cash,Fiber Optic,3,87.72,13,0,1,0
CUST_1099,43,48,30.95,2929.34,Month-to-month,Cash,No,2,83.26,33,0,1,0
CUST_1100,31,22,40.29,3091.27,Two year,Cash,Fiber Optic,3,6.74,28,1,1,0
CUST_1101,55,27,119.83,3403.23,Month-to-month,Credit Card,DSL,6,88.02,36,1,0,1
CUST_1102,54,67,74.14,4418.34,Two year,Bank Transfer,Fiber Optic,7,10.42,5,0,0,1
CUST_1103,28,13,48.41,4472.57,Two year,UPI,DSL,4,42.12,25,0,1,0
CUST_1104,53,45,119.48,4021.55,Month-to-month,Cash,DSL,6,76.78,17,1,1,1
CUST_1105,30,10,116.66,2517.41,Month-to-month,Cash,Fiber Optic,6,9.07,37,1,0,1
CUST_1106,60,9,64.07,7424.93,Month-to-month,Cash,No,2,5.0,19,1,1,0
CUST_1107,20,54,46.04,4749.83,One year,Bank Transfer,DSL,6,33.67,35,1,0,0
CUST_1108,50,27,103.84,3321.14,Month-to-month,UPI,Fiber Optic,3,73.26,43,1,1,1
CUST_1109,23,34,91.56,5244.3,Month-to-month,UPI,No,7,52.65,34,1,0,1
CUST_1110,67,1,88.69,6166.94,Month-to-month,Cash,DSL,0,42.28,6,1,0,1
CUST_1111,27,32,109.31,7689.75,Month-to-month,Credit Card,DSL,4,81.49,19,1,0,1
CUST_1112,22,71,88.94,4046.44,Two year,Cash,No,3,76.9,1,1,0,0
CUST_1113,40,67,48.38,985.58,One year,Cash,Fiber Optic,1,78.82,7,0,0,0
CUST_1114,27,20,89.39,3582.05,Month-to-month,Credit Card,DSL,2,46.51,34,0,1,0
CUST_1115,61,35,50.58,3883.87,Month-to-month,Credit Card,Fiber Optic,3,2.93,19,1,0,0
CUST_1116,19,17,95.92,7186.25,Month-to-month,Cash,DSL,4,18.04,33,0,0,1
CUST_1117,30,18,81.97,3218.93,Month-to-month,Bank Transfer,Fiber Optic,6,74.39,26,0,0,1
CUST_1118,57,45,27.74,7631.26,Two year,Bank Transfer,Fiber Optic,4,75.56,41,1,1,0
CUST_1119,19,53,71.28,3932.54,Month-to-month,Credit Card,Fiber Optic,1,97.26,42,1,0,1
CUST_1120,37,68,54.33,7792.87,Month-to-month,Cash,Fiber Optic,6,19.83,27,0,1,1
CUST_1121,18,65,52.86,164.77,Two year,Bank Transfer,DSL,1,13.17,38,1,0,0
CUST_1122,54,1,80.23,7200.64,Two year,Cash,DSL,5,14.74,26,1,0,1
CUST_1123,26,58,52.23,7455.85,Month-to-month,Cash,DSL,5,19.29,35,0,1,1
CUST_1124,34,26,97.69,7692.07,Month-to-month,Cash,Fiber Optic,3,53.32,20,1,1,0
CUST_1125,26,20,27.08,203.3,Month-to-month,Bank Transfer,Fiber Optic,0,97.55,24,1,0,0
CUST_1126,28,10,86.04,1456.44,One year,UPI,DSL,6,59.35,21,1,0,1
CUST_1127,32,59,100.92,5264.74,Two year,Cash,Fiber Optic,7,52.75,26,0,0,1
CUST_1128,41,41,87.28,301.23,Month-to-month,Bank Transfer,Fiber Optic,4,67.66,20,0,0,1
CUST_1129,55,5,69.72,602.51,Month-to-month,UPI,Fiber Optic,7,8.32,6,1,1,1
CUST_1130,52,65,115.03,1846.52,Two year,Credit Card,DSL,0,81.72,3,0,0,0
CUST_1131,47,17,49.99,4148.27,One year,Bank Transfer,DSL,6,65.04,10,0,1,0
CUST_1132,48,22,21.92,4412.63,Two year,UPI,DSL,6,17.95,12,1,0,0
CUST_1133,66,41,63.2,370.66,Month-to-month,Bank Transfer,Fiber Optic,6,63.44,33,1,0,0
CUST_1134,22,68,23.3,1445.9,Month-to-month,UPI,Fiber Optic,6,60.02,22,1,0,0
CUST_1135,61,69,115.39,4047.67,Month-to-month,UPI,Fiber Optic,0,7.42,16,1,0,1
CUST_1136,67,11,40.99,4792.13,Month-to-month,Bank Transfer,No,3,27.43,17,0,1,1
CUST_1137,31,56,98.89,1272.37,One year,Credit Card,No,2,39.7,10,1,0,0
CUST_1138,28,51,97.46,3250.85,Month-to-month,Cash,DSL,2,25.24,12,1,0,1
CUST_1139,26,21,41.77,7244.77,Month-to-month,UPI,DSL,2,25.07,19,0,1,0
CUST_1140,51,26,82.12,7991.3,Two year,Cash,Fiber Optic,1,57.72,40,0,1,0
CUST_1141,29,19,24.81,7898.99,Month-to-month,Credit Card,DSL,6,47.62,23,1,0,0
CUST_1142,52,60,68.36,7065.23,One year,Cash,Fiber Optic,6,67.06,40,0,1,1
CUST_1143,52,71,21.46,3217.81,Month-to-month,Cash,No,4,95.68,10,1,0,0
CUST_1144,18,47,112.11,5523.94,Two year,Bank Transfer,Fiber Optic,1,66.4,10,1,1,0
CUST_1145,57,71,117.61,3391.08,Month-to-month,Bank Transfer,DSL,4,58.63,10,1,0,1
CUST_1146,39,26,42.23,5223.36,One year,Credit Card,DSL,7,84.91,39,1,0,0
CUST_1147,46,40,40.81,2544.52,Month-to-month,Bank Transfer,Fiber Optic,5,63.58,30,1,1,1
CUST_1148,25,5,95.37,4889.0,Month-to-month,UPI,Fiber Optic,4,17.39,4,0,0,1
CUST_1149,28,21,45.34,4237.69,One year,Credit Card,DSL,4,32.16,1,1,0,0
CUST_1150,58,4,109.51,293.39,Month-to-month,Bank Transfer,DSL,7,73.6,43,0,0,1
CUST_1151,54,23,77.39,6346.55,Month-to-month,Bank Transfer,DSL,3,74.1,19,1,0,0
CUST_1152,31,15,55.08,193.99,Two year,Credit Card,No,2,98.71,5,0,1,0
CUST_1153,47,8,103.27,2415.93,Two year,UPI,Fiber Optic,6,63.07,30,0,0,1
CUST_1154,52,41,69.34,146.8,Month-to-month,Credit Card,No,1,90.05,26,0,0,0
CUST_1155,38,19,111.16,3071.99,Month-to-month,Bank Transfer,Fiber Optic,5,6.4,40,1,1,1
CUST_1156,54,46,112.8,598.97,Month-to-month,Bank Transfer,Fiber Optic,7,57.06,34,0,0,1
CUST_1157,22,28,36.54,7316.74,Month-to-month,Credit Card,DSL,1,92.06,2,0,0,0
CUST_1158,36,68,20.23,3383.87,Two year,UPI,DSL,6,29.44,24,0,0,0
CUST_1159,31,15,118.39,3730.02,One year,UPI,Fiber Optic,3,16.33,14,0,0,1
CUST_1160,43,37,110.61,2863.82,Month-to-month,Cash,No,4,35.7,41,1,0,1
CUST_1161,21,1,25.54,5057.3,Two year,UPI,DSL,7,79.43,42,1,0,0
CUST_1162,42,67,103.3,6296.82,One year,Credit Card,DSL,5,9.39,13,0,1,1
CUST_1163,62,24,65.78,5220.36,One year,UPI,Fiber Optic,2,60.43,29,0,1,0
CUST_1164,59,27,45.9,6010.84,Month-to-month,UPI,DSL,6,14.43,1,1,1,1
CUST_1165,42,40,107.87,7257.19,Month-to-month,Cash,Fiber Optic,0,44.12,34,1,1,0
CUST_1166,35,63,39.67,6922.02,One year,UPI,DSL,0,96.63,4,0,1,0
CUST_1167,57,61,114.73,5425.06,Month-to-month,Cash,DSL,3,20.32,28,0,1,1
CUST_1168,25,36,40.56,1795.64,Month-to-month,Cash,Fiber Optic,2,4.37,19,0,1,1
CUST_1169,56,24,81.37,5137.85,Month-to-month,UPI,Fiber Optic,0,43.29,1,0,1,0
CUST_1170,57,24,42.31,4098.06,Month-to-month,Bank Transfer,Fiber Optic,0,58.19,36,1,0,0
CUST_1171,31,4,74.57,5766.03,Month-to-month,Credit Card,DSL,7,30.45,43,0,0,1
CUST_1172,49,67,88.4,6680.16,One year,Credit Card,No,7,54.64,13,1,0,1
CUST_1173,68,34,39.02,5967.5,Month-to-month,UPI,DSL,6,95.39,42,1,1,1
CUST_1174,55,57,72.09,6787.83,Month-to-month,Credit Card,DSL,5,31.87,5,0,1,1
CUST_1175,50,49,66.91,604.54,One year,Credit Card,Fiber Optic,5,31.63,33,1,1,0
CUST_1176,40,53,27.1,349.8,Month-to-month,Cash,DSL,6,48.79,14,0,0,1
CUST_1177,32,23,101.83,2142.15,Month-to-month,Bank Transfer,Fiber Optic,1,52.02,16,1,0,1
CUST_1178,50,69,53.57,7215.26,One year,Credit Card,No,6,1.14,32,1,0,0
CUST_1179,42,53,77.46,6606.91,Month-to-month,Bank Transfer,Fiber Optic,2,61.97,27,1,1,0
CUST_1180,34,62,71.48,5493.55,One year,Credit Card,Fiber Optic,0,99.74,35,0,1,0
CUST_1181,50,41,71.33,5635.99,One year,Bank Transfer,Fiber Optic,5,29.91,3,0,1,0
CUST_1182,64,57,30.72,5840.7,Month-to-month,Bank Transfer,DSL,6,63.45,4,1,0,0
CUST_1183,19,60,62.35,7546.56,Month-to-month,Credit Card,Fiber Optic,5,1.46,7,0,0,1
CUST_1184,31,54,65.24,6674.31,Two year,Cash,DSL,5,60.83,13,1,0,0
CUST_1185,57,70,93.36,5024.78,Month-to-month,Bank Transfer,No,7,45.26,41,0,0,1
CUST_1186,57,57,104.0,5359.15,Two year,Bank Transfer,DSL,1,53.5,3,1,1,0
CUST_1187,68,10,74.5,1788.55,One year,Credit Card,Fiber Optic,2,54.85,17,0,0,0
CUST_1188,56,40,28.68,5292.82,Month-to-month,Bank Transfer,No,4,18.52,10,1,0,1
CUST_1189,68,7,43.68,3454.96,Month-to-month,Bank Transfer,Fiber Optic,5,77.23,1,1,0,1
CUST_1190,23,38,36.49,1308.4,Month-to-month,Cash,No,2,55.99,28,0,0,1
CUST_1191,23,61,32.46,6470.58,Month-to-month,Bank Transfer,Fiber Optic,3,27.75,10,1,0,0
CUST_1192,20,3,56.59,4130.95,One year,Cash,DSL,1,93.8,7,0,1,0
CUST_1193,24,51,42.94,7821.66,Two year,Bank Transfer,Fiber Optic,4,2.26,39,0,0,1
CUST_1194,68,47,41.83,2325.27,Two year,Bank Transfer,DSL,5,72.87,3,0,1,0
CUST_1195,25,68,25.47,3897.29,Month-to-month,Cash,DSL,6,38.74,7,1,0,0
CUST_1196,59,38,21.77,3639.16,Two year,Cash,Fiber Optic,5,52.73,9,0,1,1
CUST_1197,69,36,30.28,1054.16,Two year,UPI,Fiber Optic,1,29.86,40,0,0,0
CUST_1198,32,41,37.22,3466.31,Two year,Bank Transfer,No,7,32.8,35,1,1,1
CUST_1199,64,69,63.1,2371.67,Month-to-month,Cash,No,1,2.5,26,0,0,1
CUST_1200,46,13,71.05,1366.53,One year,Bank Transfer,No,0,73.25,5,1,0,0
CUST_1201,50,58,34.06,2329.03,One year,Bank Transfer,DSL,5,71.37,13,0,0,1
CUST_1202,69,50,62.48,1942.69,Month-to-month,Bank Transfer,Fiber Optic,7,65.78,30,1,1,0
CUST_1203,47,30,54.17,5899.18,Two year,Credit Card,Fiber Optic,2,87.92,40,1,0,0
CUST_1204,56,62,38.34,343.12,Month-to-month,UPI,No,1,90.23,39,1,1,0
CUST_1205,44,25,20.68,4977.96,Month-to-month,Credit Card,Fiber Optic,1,56.09,10,1,1,0
CUST_1206,53,27,66.7,6109.22,Two year,UPI,DSL,3,68.8,42,1,0,0
CUST_1207,46,51,88.57,3897.72,Month-to-month,Bank Transfer,No,3,2.09,23,0,0,1
CUST_1208,55,57,42.63,7459.36,Two year,Bank Transfer,DSL,3,84.79,11,1,0,0
CUST_1209,50,47,33.18,5692.26,One year,Cash,Fiber Optic,1,81.82,12,1,0,0
CUST_1210,54,39,108.7,6008.6,Month-to-month,UPI,Fiber Optic,4,3.0,13,0,0,1
CUST_1211,44,16,47.5,1655.77,Month-to-month,UPI,Fiber Optic,7,54.74,40,1,1,1
CUST_1212,50,22,42.36,6240.64,One year,Credit Card,Fiber Optic,2,90.76,16,1,0,0
CUST_1213,21,54,105.71,6673.55,One year,UPI,Fiber Optic,1,18.96,9,0,1,0
CUST_1214,39,21,101.71,2954.0,Two year,Bank Transfer,Fiber Optic,6,35.91,10,0,0,0
CUST_1215,19,16,64.83,1785.57,Two year,Cash,DSL,6,33.77,29,1,1,0
CUST_1216,27,59,68.92,3141.9,Month-to-month,Credit Card,DSL,0,36.24,9,1,0,0
CUST_1217,22,31,41.77,5942.9,Month-to-month,Cash,DSL,6,5.15,33,1,0,1
CUST_1218,27,42,27.83,3399.35,Two year,UPI,Fiber Optic,7,28.62,24,0,1,1
CUST_1219,50,32,77.34,5919.55,Month-to-month,UPI,DSL,7,30.19,35,1,1,0
CUST_1220,55,59,29.83,997.16,Month-to-month,Credit Card,Fiber Optic,5,86.72,11,1,0,0
CUST_1221,30,34,64.93,6467.49,Two year,UPI,Fiber Optic,4,35.86,39,0,1,0
CUST_1222,48,9,114.05,2100.34,Two year,Cash,Fiber Optic,4,45.27,13,1,0,1
CUST_1223,64,11,115.28,2066.54,One year,Bank Transfer,Fiber Optic,2,38.69,23,0,1,1
CUST_1224,53,10,43.93,4764.01,Month-to-month,Credit Card,Fiber Optic,4,12.95,25,0,0,1
CUST_1225,62,17,82.41,653.93,One year,UPI,Fiber Optic,2,99.05,16,1,0,0
CUST_1226,41,68,67.41,307.75,One year,Cash,Fiber Optic,6,82.76,21,0,1,1
CUST_1227,69,48,107.57,2162.13,Two year,Bank Transfer,DSL,4,54.55,10,1,0,0
CUST_1228,32,52,47.14,4350.73,Two year,UPI,No,5,48.16,41,1,0,0
CUST_1229,46,25,20.37,7270.17,Month-to-month,Credit Card,Fiber Optic,2,65.28,40,0,0,0
CUST_1230,25,21,36.26,6786.84,One year,UPI,DSL,3,33.32,19,0,1,0
CUST_1231,22,65,54.95,3974.53,Two year,UPI,Fiber Optic,3,5.98,35,1,1,0
CUST_1232,46,63,51.57,392.71,Month-to-month,UPI,No,4,41.03,28,0,0,1
CUST_1233,64,51,99.14,4328.5,Month-to-month,Bank Transfer,DSL,4,98.41,41,1,1,1
CUST_1234,21,36,88.06,5667.89,Two year,Bank Transfer,Fiber Optic,6,19.05,2,1,1,1
CUST_1235,29,66,49.96,2779.4,Month-to-month,UPI,DSL,2,53.24,30,1,0,1
CUST_1236,62,15,65.77,977.4,Month-to-month,UPI,Fiber Optic,7,1.84,40,1,0,1
CUST_1237,19,39,29.56,2300.69,Month-to-month,Credit Card,No,6,13.08,40,0,0,1
CUST_1238,44,70,109.81,6195.55,Month-to-month,UPI,Fiber Optic,7,59.13,5,0,0,0
CUST_1239,48,1,113.54,2874.83,Month-to-month,Cash,Fiber Optic,2,30.44,38,0,0,1
CUST_1240,68,23,117.98,6514.65,Month-to-month,Cash,No,5,90.66,42,1,0,1
CUST_1241,68,39,106.86,2624.22,Two year,Credit Card,Fiber Optic,1,41.21,15,0,0,1
CUST_1242,53,57,37.4,1392.08,One year,Bank Transfer,Fiber Optic,3,21.6,36,1,1,0
CUST_1243,53,34,24.62,3543.2,One year,UPI,Fiber Optic,1,55.01,3,1,0,0
CUST_1244,43,41,77.96,3672.97,Month-to-month,Credit Card,Fiber Optic,1,79.7,24,0,0,1
CUST_1245,60,13,111.26,227.25,One year,Bank Transfer,Fiber Optic,0,2.92,41,0,0,1
CUST_1246,44,70,37.74,1024.66,One year,Credit Card,No,2,51.05,41,1,0,0
CUST_1247,22,6,20.7,1560.92,One year,Bank Transfer,Fiber Optic,0,77.57,12,0,0,0
CUST_1248,37,52,100.55,997.34,Month-to-month,UPI,Fiber Optic,7,11.26,8,1,0,1
CUST_1249,28,3,27.68,2798.06,Month-to-month,Credit Card,DSL,0,90.38,14,1,1,1
CUST_1250,27,63,61.37,7720.52,Two year,UPI,Fiber Optic,7,27.19,18,1,0,0
CUST_1251,57,49,87.89,4122.86,One year,Credit Card,Fiber Optic,1,17.89,44,1,0,1
CUST_1252,55,47,43.68,5057.69,One year,Bank Transfer,Fiber Optic,0,59.34,20,1,0,0
CUST_1253,23,55,28.4,2915.45,One year,Credit Card,DSL,5,18.33,23,1,0,0
CUST_1254,25,64,97.0,2655.55,Month-to-month,Cash,No,2,68.29,5,1,0,0
CUST_1255,40,65,83.02,282.86,One year,Cash,DSL,1,49.52,1,1,0,0
CUST_1256,64,67,118.85,4052.64,Month-to-month,Credit Card,DSL,2,11.89,2,0,0,1
CUST_1257,43,15,54.43,3920.51,One year,Cash,Fiber Optic,5,91.34,16,0,1,0
CUST_1258,63,32,26.18,1346.86,Two year,UPI,Fiber Optic,4,67.65,5,1,0,1
CUST_1259,60,68,93.44,6138.16,One year,Cash,DSL,0,55.05,22,1,0,0
CUST_1260,29,18,72.17,3992.13,Month-to-month,Cash,Fiber Optic,1,38.06,1,1,0,0
CUST_1261,43,43,41.32,2778.05,Month-to-month,UPI,Fiber Optic,7,14.35,12,1,1,1
CUST_1262,30,35,98.17,1260.58,One year,UPI,DSL,3,71.04,19,1,0,0
CUST_1263,57,58,40.38,4462.07,Two year,Bank Transfer,DSL,2,81.55,22,1,1,0
CUST_1264,35,33,46.07,6047.25,One year,UPI,No,6,13.46,42,0,0,1
CUST_1265,42,14,29.25,2327.79,Month-to-month,Credit Card,DSL,5,49.96,44,1,1,1
CUST_1266,50,34,59.94,1828.48,Month-to-month,Cash,DSL,0,49.0,17,1,0,0
CUST_1267,64,61,61.89,4223.29,One year,Bank Transfer,Fiber Optic,2,35.64,13,0,0,0
CUST_1268,57,4,71.46,1327.21,One year,UPI,Fiber Optic,5,79.14,39,1,1,1
CUST_1269,60,59,90.9,5366.25,Two year,Cash,Fiber Optic,2,10.85,28,0,0,1
CUST_1270,29,29,110.61,4882.21,Month-to-month,Credit Card,No,4,21.3,3,1,1,0
CUST_1271,61,6,33.77,787.95,One year,Credit Card,Fiber Optic,6,1.16,5,1,1,1
CUST_1272,53,49,25.43,388.51,Month-to-month,Bank Transfer,DSL,5,37.93,36,1,0,1
CUST_1273,65,40,21.85,5000.28,One year,Credit Card,Fiber Optic,2,29.83,15,0,0,0
CUST_1274,21,65,34.36,2424.92,Two year,Cash,Fiber Optic,7,86.83,17,0,0,0
CUST_1275,22,69,85.79,782.92,Month-to-month,UPI,DSL,6,74.84,44,0,1,1
CUST_1276,54,27,92.75,6099.49,Month-to-month,Credit Card,DSL,4,9.36,29,1,1,1
CUST_1277,25,6,98.65,2580.95,One year,UPI,Fiber Optic,4,74.35,4,0,1,1
CUST_1278,59,13,44.37,3730.84,One year,Cash,DSL,4,67.86,32,0,0,1
CUST_1279,66,64,50.59,1970.82,Month-to-month,Cash,No,0,28.89,43,1,1,0
CUST_1280,45,62,68.31,5055.8,Month-to-month,UPI,Fiber Optic,5,2.53,38,0,1,1
CUST_1281,48,19,26.32,2481.76,One year,Cash,DSL,2,12.4,4,1,0,0
CUST_1282,26,43,81.11,7747.37,Two year,Bank Transfer,DSL,2,25.74,13,1,0,0
CUST_1283,68,20,118.37,5653.29,Month-to-month,Credit Card,No,6,81.85,20,1,0,1
CUST_1284,46,68,56.08,1180.11,Two year,Bank Transfer,Fiber Optic,6,47.07,18,1,1,0
CUST_1285,31,44,95.28,3391.89,Month-to-month,Bank Transfer,Fiber Optic,5,91.92,42,1,0,1
CUST_1286,57,23,70.0,3144.83,Month-to-month,Bank Transfer,Fiber Optic,4,79.13,37,1,1,1
CUST_1287,58,2,32.78,4320.55,Month-to-month,UPI,No,2,29.42,12,1,1,1
CUST_1288,39,22,78.22,6751.25,Two year,UPI,Fiber Optic,2,84.69,25,0,0,0
CUST_1289,28,57,49.99,4709.03,Month-to-month,Cash,DSL,4,12.56,30,0,0,1
CUST_1290,40,7,23.44,586.3,One year,UPI,DSL,3,4.58,15,0,0,1
CUST_1291,18,56,83.49,5277.78,Month-to-month,Cash,Fiber Optic,3,61.25,36,0,0,1
CUST_1292,63,67,105.89,165.3,Two year,UPI,No,4,34.83,8,1,0,0
CUST_1293,54,16,54.48,6261.69,Two year,Cash,DSL,6,33.61,28,1,1,1
CUST_1294,38,51,59.03,5366.42,One year,Credit Card,Fiber Optic,0,69.03,22,1,0,0
CUST_1295,43,12,109.1,2539.41,Two year,Cash,DSL,6,85.16,38,0,1,0
CUST_1296,63,53,101.36,2410.29,One year,Credit Card,No,6,32.9,16,0,0,1
CUST_1297,53,5,91.5,6406.36,Two year,Cash,Fiber Optic,7,33.18,5,1,0,1
CUST_1298,40,27,44.88,6288.36,Month-to-month,UPI,Fiber Optic,7,53.85,34,0,1,1
CUST_1299,18,12,111.02,2883.19,Month-to-month,UPI,DSL,2,65.67,38,1,0,1
CUST_1300,68,17,35.44,2461.69,One year,Credit Card,DSL,6,21.09,11,1,0,1
CUST_1301,57,6,82.68,4522.62,Month-to-month,Bank Transfer,Fiber Optic,2,91.36,2,1,1,1
CUST_1302,32,5,22.88,166.09,Month-to-month,Bank Transfer,Fiber Optic,3,65.79,25,0,1,1
CUST_1303,38,57,84.37,753.07,Month-to-month,Cash,DSL,6,62.89,25,0,0,1
CUST_1304,64,28,47.71,1096.74,Month-to-month,UPI,No,4,90.52,1,0,0,0
CUST_1305,26,69,64.97,1564.75,One year,Bank Transfer,Fiber Optic,5,90.82,31,1,1,0
CUST_1306,26,59,54.53,4144.94,Month-to-month,UPI,Fiber Optic,5,14.42,5,1,0,1
CUST_1307,27,33,37.28,7938.71,Two year,UPI,DSL,6,15.36,40,0,0,1
CUST_1308,69,62,82.2,5255.65,Two year,UPI,DSL,0,76.43,4,0,0,0
CUST_1309,43,50,108.2,584.26,Two year,Cash,Fiber Optic,6,95.73,5,1,0,1
CUST_1310,58,19,115.91,4252.08,Month-to-month,Credit Card,Fiber Optic,4,66.98,5,0,0,1
CUST_1311,52,69,39.23,4023.5,Month-to-month,Cash,Fiber Optic,3,41.72,16,1,0,0
CUST_1312,69,66,91.74,1238.93,Two year,Bank Transfer,No,3,68.66,18,0,1,0
CUST_1313,42,47,86.43,7370.15,Two year,Credit Card,Fiber Optic,6,23.65,43,1,1,0
CUST_1314,43,39,54.34,3582.05,One year,Bank Transfer,DSL,7,99.8,17,1,0,0
CUST_1315,28,68,21.91,7957.02,Month-to-month,Credit Card,No,2,43.68,35,1,0,0
CUST_1316,55,33,88.98,3418.57,One year,Credit Card,Fiber Optic,1,93.24,18,0,1,0
CUST_1317,19,13,114.55,4902.87,One year,Cash,DSL,0,43.65,4,0,0,0
CUST_1318,24,54,83.21,927.62,Month-to-month,UPI,DSL,0,92.89,31,1,0,1
CUST_1319,35,7,63.53,3688.4,One year,UPI,Fiber Optic,1,34.23,31,1,0,0
CUST_1320,44,14,72.52,1986.25,Two year,Credit Card,Fiber Optic,5,76.29,9,1,0,0
CUST_1321,51,19,39.96,6700.96,One year,Cash,DSL,5,95.15,31,0,0,1
CUST_1322,44,54,95.05,6292.96,Month-to-month,Bank Transfer,Fiber Optic,5,64.95,5,0,0,1
CUST_1323,34,20,94.64,6611.02,One year,Bank Transfer,Fiber Optic,3,68.08,36,1,0,0
CUST_1324,60,29,34.55,5816.51,Two year,UPI,No,4,11.19,16,0,1,0
CUST_1325,61,24,107.8,6678.2,One year,UPI,Fiber Optic,0,47.95,42,0,0,0
CUST_1326,68,63,46.92,1686.55,One year,Bank Transfer,No,1,88.79,41,0,0,0
CUST_1327,41,57,118.23,3671.15,One year,Bank Transfer,Fiber Optic,2,24.85,16,1,0,0
CUST_1328,42,8,58.29,5565.59,One year,Cash,DSL,6,79.05,20,0,0,1
CUST_1329,24,62,37.79,5135.4,One year,Bank Transfer,DSL,2,67.9,30,1,0,0
CUST_1330,69,29,55.17,5759.2,Month-to-month,Cash,DSL,6,23.08,26,0,0,1
CUST_1331,23,17,64.02,1871.64,Month-to-month,UPI,Fiber Optic,3,29.0,31,0,1,1
CUST_1332,41,66,26.93,877.63,Month-to-month,Bank Transfer,No,0,43.33,15,1,1,0
CUST_1333,50,6,77.82,7342.77,Month-to-month,UPI,DSL,4,13.39,41,0,0,1
CUST_1334,66,58,79.76,4525.36,Month-to-month,Credit Card,Fiber Optic,0,91.42,38,0,0,0
CUST_1335,46,69,93.89,1315.22,Month-to-month,Credit Card,DSL,6,74.2,38,1,0,1
CUST_1336,60,28,22.92,6368.15,Two year,Credit Card,Fiber Optic,5,37.13,43,0,1,0
CUST_1337,39,62,74.12,7327.95,Month-to-month,Bank Transfer,No,2,30.67,20,0,1,0
CUST_1338,43,41,25.29,1439.55,Month-to-month,UPI,DSL,0,69.27,35,1,0,0
CUST_1339,45,69,90.11,6557.56,Month-to-month,Bank Transfer,Fiber Optic,2,43.0,23,1,0,0
CUST_1340,67,41,25.57,7472.48,One year,UPI,DSL,1,23.7,44,0,0,0
CUST_1341,38,49,111.17,7513.06,Month-to-month,Cash,Fiber Optic,1,43.58,39,0,0,1
CUST_1342,66,49,90.21,7321.84,Month-to-month,Bank Transfer,DSL,2,87.26,25,0,1,1
CUST_1343,24,71,70.74,4416.73,Month-to-month,Credit Card,Fiber Optic,4,7.79,22,1,1,1
CUST_1344,34,3,64.15,2914.07,Two year,Cash,Fiber Optic,7,37.47,8,1,1,0
CUST_1345,37,10,33.07,157.46,Two year,UPI,Fiber Optic,4,96.27,9,0,0,0
CUST_1346,58,35,49.1,581.21,Two year,Bank Transfer,DSL,7,2.47,15,1,0,0
CUST_1347,66,2,106.9,3487.83,Month-to-month,UPI,Fiber Optic,0,89.17,20,1,0,0
CUST_1348,37,24,110.45,3254.68,One year,UPI,Fiber Optic,2,38.11,35,0,0,0
CUST_1349,39,38,20.07,1559.24,One year,Bank Transfer,Fiber Optic,3,19.76,37,0,0,1
CUST_1350,45,22,79.41,3224.29,Month-to-month,Bank Transfer,DSL,4,2.48,3,0,1,1
CUST_1351,57,26,91.93,1479.74,Month-to-month,UPI,Fiber Optic,6,7.98,34,1,0,1
CUST_1352,66,43,81.87,6805.45,Month-to-month,UPI,Fiber Optic,4,18.01,34,1,1,1
CUST_1353,24,55,28.17,2455.74,One year,Cash,DSL,5,3.52,36,0,1,1
CUST_1354,18,39,41.77,4828.66,Month-to-month,Credit Card,DSL,1,34.25,35,1,1,0
CUST_1355,49,29,45.03,4072.46,Month-to-month,UPI,No,4,5.44,9,1,0,1
CUST_1356,30,20,103.17,509.87,Month-to-month,Credit Card,DSL,6,69.53,30,0,0,1
CUST_1357,47,41,66.32,7543.65,One year,Cash,No,4,82.07,26,0,0,1
CUST_1358,40,54,68.68,4265.09,Two year,Credit Card,Fiber Optic,6,88.86,12,1,1,0
CUST_1359,68,20,113.49,2667.96,One year,Credit Card,Fiber Optic,7,55.36,24,0,1,1
CUST_1360,36,19,83.71,1349.2,One year,Cash,Fiber Optic,5,94.7,41,0,0,1
CUST_1361,49,66,109.87,2774.36,Month-to-month,UPI,DSL,7,1.56,19,0,0,1
CUST_1362,47,30,65.65,262.04,Month-to-month,Credit Card,DSL,6,14.27,44,0,0,1
CUST_1363,46,53,34.94,2972.11,Month-to-month,UPI,DSL,4,30.02,16,1,0,1
CUST_1364,66,34,112.99,4298.74,Two year,UPI,No,5,79.11,26,0,1,1
CUST_1365,62,22,65.87,6987.74,Two year,Bank Transfer,Fiber Optic,2,88.65,23,1,1,0
CUST_1366,46,67,38.16,5530.26,One year,UPI,Fiber Optic,2,62.2,33,0,1,0
CUST_1367,47,6,50.24,981.5,Month-to-month,UPI,DSL,1,38.94,42,1,1,1
CUST_1368,33,27,25.08,1267.2,Month-to-month,Credit Card,Fiber Optic,0,66.92,30,0,0,1
CUST_1369,57,10,66.83,3482.17,Month-to-month,UPI,DSL,5,18.91,23,1,0,1
CUST_1370,36,48,105.31,1646.09,Two year,UPI,DSL,4,46.33,10,1,1,0
CUST_1371,35,70,113.36,320.01,One year,Bank Transfer,DSL,0,51.25,36,1,1,1
CUST_1372,18,59,113.26,6459.62,Two year,Bank Transfer,Fiber Optic,2,11.38,31,1,0,0
CUST_1373,31,59,32.52,254.23,One year,Credit Card,Fiber Optic,4,4.35,43,0,0,1
CUST_1374,68,2,58.21,6662.45,Month-to-month,Credit Card,Fiber Optic,0,75.26,22,1,0,1
CUST_1375,64,29,22.82,1238.42,Month-to-month,Bank Transfer,Fiber Optic,5,53.94,43,1,1,1
CUST_1376,67,68,105.52,7799.96,Month-to-month,Bank Transfer,No,5,33.89,43,1,0,1
CUST_1377,19,65,55.88,4870.6,One year,Cash,Fiber Optic,0,44.29,38,1,1,0
CUST_1378,45,26,83.11,5906.37,Month-to-month,UPI,Fiber Optic,6,95.81,2,0,0,1
CUST_1379,66,10,91.49,972.82,One year,Credit Card,Fiber Optic,5,39.11,23,0,1,1
CUST_1380,67,53,62.98,6910.62,One year,Credit Card,No,3,11.24,35,1,0,0
CUST_1381,47,59,50.64,6729.62,Month-to-month,UPI,Fiber Optic,2,46.9,37,1,0,0
CUST_1382,55,22,116.22,5258.64,Month-to-month,UPI,Fiber Optic,1,65.16,32,0,0,1
CUST_1383,68,51,116.45,4067.97,Month-to-month,Credit Card,DSL,1,2.2,43,1,0,1
CUST_1384,21,48,48.94,5799.76,One year,Bank Transfer,No,3,33.9,12,1,1,0
CUST_1385,18,21,67.96,146.83,Month-to-month,Bank Transfer,DSL,0,39.96,35,1,1,0
CUST_1386,25,22,117.28,4780.28,Month-to-month,UPI,DSL,5,46.91,41,0,0,1
CUST_1387,46,30,20.49,6794.51,Two year,Credit Card,Fiber Optic,3,30.87,3,0,0,0
CUST_1388,56,25,61.27,2919.51,One year,UPI,Fiber Optic,3,67.03,34,0,0,0
CUST_1389,20,28,30.05,955.49,Month-to-month,Bank Transfer,Fiber Optic,5,94.53,38,1,1,1
CUST_1390,49,65,70.92,3424.93,One year,Cash,Fiber Optic,2,91.49,24,1,0,0
CUST_1391,27,45,22.47,5844.13,Two year,Cash,Fiber Optic,5,66.77,38,1,1,0
CUST_1392,27,68,60.69,947.68,One year,Bank Transfer,Fiber Optic,7,51.18,17,1,0,0
CUST_1393,36,7,42.07,1727.78,Month-to-month,UPI,Fiber Optic,5,82.76,40,1,0,1
CUST_1394,63,49,73.33,1265.66,Month-to-month,Cash,Fiber Optic,6,83.76,1,1,0,0
CUST_1395,51,9,119.6,6395.89,One year,Bank Transfer,No,4,83.13,8,0,0,1
CUST_1396,50,36,100.05,596.85,Month-to-month,Credit Card,Fiber Optic,0,16.63,15,0,0,1
CUST_1397,40,1,104.56,5524.03,One year,UPI,No,1,3.52,25,0,0,0
CUST_1398,45,10,83.53,2995.01,Two year,UPI,DSL,1,98.34,8,0,0,1
CUST_1399,49,36,24.16,6070.75,Two year,Cash,DSL,3,96.01,32,0,1,0
CUST_1400,67,46,40.68,7718.63,Month-to-month,UPI,DSL,6,56.87,13,0,0,1
CUST_1401,24,32,112.51,1004.91,Month-to-month,Cash,Fiber Optic,3,99.31,15,0,0,1
CUST_1402,46,32,56.61,2583.64,Month-to-month,Cash,No,3,77.28,6,1,1,0
CUST_1403,25,6,30.36,6499.99,One year,Bank Transfer,DSL,0,52.22,33,0,1,0
CUST_1404,18,48,90.24,2202.65,Month-to-month,Cash,DSL,3,39.54,7,1,0,0
CUST_1405,20,38,49.95,1799.45,Month-to-month,Credit Card,DSL,3,59.69,33,1,1,0
CUST_1406,41,17,46.89,6620.49,Month-to-month,UPI,Fiber Optic,4,52.06,29,1,1,1
CUST_1407,40,27,119.8,7897.95,Month-to-month,Cash,DSL,0,99.39,38,1,1,1
CUST_1408,25,54,105.81,4499.36,Month-to-month,UPI,DSL,2,49.56,37,1,0,1
CUST_1409,64,50,60.79,2296.59,Month-to-month,Cash,Fiber Optic,6,83.76,44,1,1,0
CUST_1410,54,35,118.03,3248.67,One year,Bank Transfer,Fiber Optic,2,81.55,32,0,0,1
CUST_1411,20,25,85.01,1444.03,Month-to-month,Credit Card,Fiber Optic,5,8.07,3,0,0,1
CUST_1412,68,28,94.2,6118.91,Month-to-month,UPI,Fiber Optic,4,9.61,20,0,0,1
CUST_1413,50,15,23.15,6210.44,Two year,Bank Transfer,Fiber Optic,1,66.32,14,1,0,0
CUST_1414,45,4,32.16,7013.46,Two year,UPI,DSL,5,26.65,28,0,1,1
CUST_1415,64,27,83.31,310.16,Month-to-month,Bank Transfer,No,2,66.1,38,1,0,1
CUST_1416,25,26,109.9,4539.65,Month-to-month,Credit Card,Fiber Optic,0,15.32,4,0,0,1
CUST_1417,51,19,82.37,1792.62,One year,Cash,DSL,1,40.31,15,1,0,0
CUST_1418,52,17,33.4,2792.98,Month-to-month,Bank Transfer,DSL,7,11.14,17,1,0,1
CUST_1419,49,43,31.58,6301.15,Month-to-month,UPI,DSL,3,28.93,37,0,0,0
CUST_1420,41,41,104.42,1617.07,Month-to-month,UPI,Fiber Optic,0,9.74,24,1,0,1
CUST_1421,31,42,33.93,5142.9,Month-to-month,Bank Transfer,Fiber Optic,1,97.09,38,1,0,0
CUST_1422,49,50,72.02,5271.07,One year,Credit Card,Fiber Optic,2,40.11,42,1,0,0
CUST_1423,63,40,23.71,7637.34,Two year,Credit Card,DSL,5,90.22,41,0,0,0
CUST_1424,60,39,28.07,6223.77,One year,Cash,No,3,97.15,36,1,1,0
CUST_1425,33,23,87.23,6448.72,Month-to-month,Cash,No,3,91.05,41,0,0,1
CUST_1426,21,52,88.92,4299.65,Month-to-month,UPI,Fiber Optic,6,46.04,8,0,0,1
CUST_1427,69,47,54.15,1575.57,One year,UPI,Fiber Optic,0,78.11,3,0,0,0
CUST_1428,54,63,41.56,3461.95,Month-to-month,Cash,Fiber Optic,5,16.22,30,1,0,1
CUST_1429,38,69,101.37,4440.97,Month-to-month,Cash,Fiber Optic,3,10.39,22,0,0,1
CUST_1430,31,43,41.71,5459.51,One year,Cash,Fiber Optic,1,87.81,33,0,1,0
CUST_1431,48,48,74.2,4900.9,Two year,Bank Transfer,DSL,6,4.08,25,1,1,0
CUST_1432,65,34,116.82,3212.42,Month-to-month,Cash,Fiber Optic,6,97.26,30,1,1,1
CUST_1433,35,40,34.79,2195.97,Two year,Bank Transfer,DSL,4,67.54,37,1,0,1
CUST_1434,24,61,114.09,1429.02,Month-to-month,Bank Transfer,DSL,2,42.54,3,0,0,1
CUST_1435,27,50,38.29,5581.38,Month-to-month,Cash,Fiber Optic,0,15.0,4,0,0,1
CUST_1436,24,67,76.74,5198.65,Month-to-month,Credit Card,Fiber Optic,5,72.6,29,1,1,1
CUST_1437,50,62,57.7,5530.24,One year,Credit Card,No,7,56.75,32,1,1,0
CUST_1438,40,58,116.49,3042.97,Two year,UPI,Fiber Optic,7,71.4,23,1,0,0
CUST_1439,38,33,47.35,2173.02,One year,Cash,No,4,42.37,19,1,0,0
CUST_1440,36,16,59.97,6101.8,Month-to-month,UPI,Fiber Optic,7,7.56,15,1,0,1
CUST_1441,65,48,118.29,6211.81,Month-to-month,Cash,Fiber Optic,4,32.18,16,0,0,1
CUST_1442,36,10,73.65,3699.37,One year,UPI,DSL,0,32.19,23,0,1,0
CUST_1443,53,38,70.26,4934.04,Month-to-month,Bank Transfer,DSL,1,1.86,40,0,0,1
CUST_1444,46,19,45.78,3050.81,Month-to-month,Cash,Fiber Optic,5,1.95,37,0,0,1
CUST_1445,35,36,90.14,5645.38,Two year,Credit Card,Fiber Optic,2,33.75,1,1,1,0
CUST_1446,19,59,21.44,6702.2,One year,Cash,DSL,0,73.03,19,1,0,0
CUST_1447,18,63,24.95,5537.04,Month-to-month,UPI,Fiber Optic,5,62.78,37,1,0,1
CUST_1448,64,46,79.94,4149.4,Month-to-month,UPI,DSL,4,24.66,35,1,0,1
CUST_1449,22,3,54.17,3723.4,Month-to-month,UPI,DSL,4,60.67,30,1,0,1
CUST_1450,37,65,115.33,5174.33,One year,UPI,Fiber Optic,0,65.09,17,1,0,0
CUST_1451,28,8,110.32,5470.51,Two year,UPI,No,5,52.73,39,1,0,1
CUST_1452,59,51,91.37,4513.96,One year,UPI,DSL,4,52.61,26,1,1,1
CUST_1453,19,6,101.81,5037.04,Month-to-month,Credit Card,Fiber Optic,0,37.61,13,1,1,1
CUST_1454,20,39,86.73,863.05,Month-to-month,UPI,No,6,13.22,22,1,0,1
CUST_1455,40,60,32.56,7618.95,Two year,Credit Card,Fiber Optic,0,39.16,23,1,1,0
CUST_1456,29,28,96.55,6347.11,Two year,Cash,Fiber Optic,2,35.19,44,1,0,1
CUST_1457,37,54,41.02,3054.03,Month-to-month,Bank Transfer,DSL,0,59.61,43,0,1,0
CUST_1458,22,37,52.34,4546.22,Month-to-month,Credit Card,Fiber Optic,6,85.77,33,0,0,1
CUST_1459,54,9,101.92,473.86,Month-to-month,Cash,Fiber Optic,5,38.16,27,0,0,1
CUST_1460,55,56,73.65,425.7,Two year,Bank Transfer,Fiber Optic,5,71.26,35,0,0,1
CUST_1461,47,59,105.99,2081.31,One year,Credit Card,Fiber Optic,7,81.37,12,1,0,0
CUST_1462,26,2,41.3,5548.64,One year,Credit Card,Fiber Optic,4,21.96,9,1,1,0
CUST_1463,51,61,80.78,6831.97,Month-to-month,Cash,DSL,7,90.26,34,1,0,1
CUST_1464,61,58,28.38,4517.57,Month-to-month,UPI,No,3,7.97,14,0,0,0
CUST_1465,52,60,84.31,4303.85,Month-to-month,Credit Card,Fiber Optic,2,90.27,37,1,0,1
CUST_1466,69,40,96.25,3278.25,Two year,Credit Card,No,5,17.2,3,1,0,1
CUST_1467,39,36,78.49,1376.62,Month-to-month,Cash,Fiber Optic,4,34.38,44,1,1,0
CUST_1468,61,37,46.62,1035.0,One year,UPI,DSL,4,60.92,44,1,1,0
CUST_1469,41,18,23.13,6109.37,Month-to-month,Bank Transfer,Fiber Optic,2,90.66,21,0,0,1
CUST_1470,34,63,31.94,7427.28,Two year,UPI,Fiber Optic,7,26.31,7,0,0,0
CUST_1471,27,22,82.23,3720.44,Two year,UPI,DSL,2,76.59,33,1,0,1
CUST_1472,47,11,113.44,5309.62,Month-to-month,Cash,Fiber Optic,7,71.33,35,0,0,1
CUST_1473,63,58,40.65,7324.22,Two year,UPI,Fiber Optic,4,16.81,11,0,0,0
CUST_1474,40,57,93.5,811.9,Month-to-month,Cash,Fiber Optic,6,48.47,32,1,0,1
CUST_1475,49,4,106.65,6186.8,Month-to-month,Bank Transfer,DSL,3,48.67,22,1,1,0
CUST_1476,34,7,72.09,4972.85,Month-to-month,Credit Card,Fiber Optic,6,31.16,42,0,0,1
CUST_1477,67,61,86.93,4829.23,Two year,Credit Card,DSL,1,78.21,19,0,0,0
CUST_1478,68,54,101.5,2411.07,Two year,Cash,Fiber Optic,6,92.67,36,0,0,1
CUST_1479,34,68,46.07,5502.76,Month-to-month,Cash,DSL,4,71.94,37,0,1,1
CUST_1480,31,1,49.69,6378.9,One year,UPI,DSL,2,97.32,11,1,0,0
CUST_1481,26,55,20.06,991.58,One year,UPI,DSL,0,6.0,41,0,0,0
CUST_1482,57,3,116.31,4314.82,Two year,Credit Card,DSL,0,4.69,13,1,0,0
CUST_1483,19,38,111.75,899.99,Month-to-month,Credit Card,Fiber Optic,2,89.49,28,1,0,0
CUST_1484,62,1,96.46,6993.33,Month-to-month,Credit Card,No,6,89.88,15,1,0,1
CUST_1485,42,38,27.91,4110.33,One year,Cash,Fiber Optic,2,11.6,13,1,1,0
CUST_1486,56,29,64.75,6482.93,Month-to-month,Bank Transfer,Fiber Optic,1,36.39,43,0,1,1
CUST_1487,26,5,30.19,3007.88,Month-to-month,Bank Transfer,No,5,83.7,33,1,1,1
CUST_1488,39,21,21.59,1088.12,One year,Cash,No,7,13.73,8,1,1,0
CUST_1489,60,71,81.62,427.84,Month-to-month,UPI,No,2,27.48,32,1,1,1
CUST_1490,63,67,116.08,2323.93,Two year,Bank Transfer,DSL,7,68.42,37,0,1,1
CUST_1491,21,47,110.29,2029.45,Month-to-month,UPI,Fiber Optic,7,98.21,4,0,0,1
CUST_1492,43,35,89.68,4526.78,Two year,Credit Card,Fiber Optic,0,79.92,18,0,0,0
CUST_1493,46,68,29.66,271.74,Month-to-month,Credit Card,Fiber Optic,3,77.95,23,1,0,0
CUST_1494,62,69,47.42,4212.51,Month-to-month,UPI,Fiber Optic,2,34.92,29,1,0,0
CUST_1495,51,1,52.01,3195.0,Month-to-month,Credit Card,DSL,1,66.47,2,1,0,0
CUST_1496,40,68,96.32,4659.27,One year,Cash,No,7,12.2,13,1,0,1
CUST_1497,54,12,100.22,5649.1,One year,UPI,Fiber Optic,3,99.23,16,0,0,0
CUST_1498,28,60,58.51,5109.33,Month-to-month,UPI,Fiber Optic,1,48.58,8,1,0,0
CUST_1499,23,27,61.79,7878.69,Month-to-month,UPI,Fiber Optic,3,64.24,19,1,1,1
CUST_1500,35,56,24.45,1192.3,One year,Bank Transfer,Fiber Optic,2,87.74,32,0,0,0
CUST_1501,38,23,48.91,3494.92,Month-to-month,UPI,DSL,7,1.1,3,1,0,1
CUST_1502,59,25,65.13,3456.16,One year,UPI,DSL,0,97.62,32,1,0,0
CUST_1503,53,21,31.7,3394.72,Month-to-month,UPI,No,3,36.56,41,0,0,1
CUST_1504,58,61,65.33,5344.01,One year,Bank Transfer,Fiber Optic,4,34.62,21,1,0,0
CUST_1505,55,63,105.32,3969.64,One year,Credit Card,Fiber Optic,5,15.36,25,1,1,1
CUST_1506,51,52,78.13,4187.72,Two year,Bank Transfer,Fiber Optic,1,85.96,17,0,0,0
CUST_1507,34,25,27.89,3515.61,One year,Cash,Fiber Optic,3,87.21,25,1,1,0
CUST_1508,54,55,39.17,7934.43,Month-to-month,UPI,DSL,7,2.98,33,0,1,1
CUST_1509,42,46,67.45,7427.73,Month-to-month,Cash,Fiber Optic,1,6.52,31,1,0,0
CUST_1510,55,32,56.15,2531.02,One year,Bank Transfer,DSL,0,91.92,36,0,1,0
CUST_1511,29,55,55.87,981.59,Month-to-month,Credit Card,DSL,1,13.16,23,0,0,1
CUST_1512,40,5,72.93,6734.14,Two year,Credit Card,Fiber Optic,1,62.47,44,1,1,0
CUST_1513,59,36,78.44,7977.64,One year,UPI,No,4,62.35,25,0,0,0
CUST_1514,39,49,99.69,2411.61,Month-to-month,Credit Card,Fiber Optic,1,87.1,44,0,1,1
CUST_1515,38,58,54.1,2926.5,Month-to-month,Bank Transfer,DSL,3,57.69,30,0,0,1
CUST_1516,44,39,100.55,7538.9,Month-to-month,Bank Transfer,Fiber Optic,7,43.97,13,0,1,1
CUST_1517,48,61,53.86,5717.92,Month-to-month,Credit Card,DSL,1,97.46,43,0,0,0
CUST_1518,23,9,25.54,2435.54,Month-to-month,UPI,Fiber Optic,7,23.65,29,1,0,1
CUST_1519,44,6,75.42,4690.27,One year,UPI,DSL,2,27.01,16,1,0,1
CUST_1520,57,35,78.79,7559.41,Month-to-month,Bank Transfer,No,1,9.39,38,1,1,0
CUST_1521,51,39,113.45,6513.32,Month-to-month,Credit Card,DSL,2,97.56,27,1,0,1
CUST_1522,29,22,92.61,5960.48,Month-to-month,Bank Transfer,DSL,5,70.93,26,1,1,1
CUST_1523,62,41,111.78,5922.27,Month-to-month,Bank Transfer,Fiber Optic,1,2.2,11,0,1,1
CUST_1524,24,5,110.83,1506.36,Month-to-month,Cash,DSL,6,70.73,37,0,0,1
CUST_1525,27,42,80.46,6614.98,One year,Bank Transfer,Fiber Optic,5,41.01,3,1,0,0
CUST_1526,62,67,72.78,2281.34,Month-to-month,UPI,No,7,96.79,26,0,0,1
CUST_1527,34,30,75.74,7449.9,One year,Credit Card,DSL,6,28.46,34,1,1,1
CUST_1528,43,57,117.83,2980.66,One year,Credit Card,Fiber Optic,1,71.32,33,1,1,1
CUST_1529,38,29,97.32,6875.52,Two year,Cash,No,3,63.12,15,1,0,0
CUST_1530,45,37,30.63,2203.24,Month-to-month,Cash,Fiber Optic,6,2.19,2,1,0,1
CUST_1531,63,13,97.84,4164.76,Month-to-month,UPI,No,2,88.64,28,1,1,1
CUST_1532,19,32,37.05,944.39,Month-to-month,Cash,DSL,7,14.82,20,1,0,0
CUST_1533,60,46,64.74,5314.94,Month-to-month,Bank Transfer,DSL,5,66.7,38,1,1,1
CUST_1534,18,23,41.05,6705.03,Two year,Bank Transfer,DSL,5,77.78,44,0,0,0
CUST_1535,68,45,88.96,5775.73,One year,UPI,DSL,2,63.46,16,1,1,0
CUST_1536,53,17,107.73,4233.74,One year,Credit Card,Fiber Optic,4,10.61,4,1,0,1
CUST_1537,68,66,49.04,456.42,Month-to-month,UPI,DSL,1,97.54,8,1,0,0
CUST_1538,43,6,28.2,7474.18,One year,Cash,Fiber Optic,1,24.44,44,1,0,0
CUST_1539,46,18,49.85,5673.37,Month-to-month,Credit Card,DSL,3,63.16,20,0,0,0
CUST_1540,38,22,87.24,5992.33,One year,Credit Card,Fiber Optic,4,79.92,26,1,0,1
CUST_1541,28,33,52.88,6377.98,One year,Credit Card,DSL,4,93.98,32,1,1,0
CUST_1542,57,30,47.81,6007.17,Month-to-month,Cash,DSL,6,60.8,13,1,0,0
CUST_1543,28,32,38.44,3584.82,Month-to-month,Bank Transfer,Fiber Optic,7,26.65,5,0,1,1
CUST_1544,53,42,69.75,5895.61,Two year,Bank Transfer,DSL,3,83.83,44,1,0,0
CUST_1545,66,10,47.59,5037.71,Month-to-month,Cash,Fiber Optic,5,17.16,42,0,1,1
CUST_1546,56,36,93.1,6846.73,Month-to-month,Cash,Fiber Optic,2,3.21,13,0,0,1
CUST_1547,57,34,27.66,6439.43,Month-to-month,UPI,No,5,90.91,41,1,0,1
CUST_1548,52,28,86.4,426.86,Month-to-month,UPI,Fiber Optic,0,57.96,11,1,0,0
CUST_1549,51,11,43.76,3093.21,One year,Bank Transfer,Fiber Optic,3,7.89,37,0,0,1
CUST_1550,64,39,68.93,374.26,One year,Cash,No,2,58.39,32,1,0,1
CUST_1551,41,47,48.61,906.39,One year,UPI,No,5,15.36,42,1,1,1
CUST_1552,39,19,92.28,4851.14,Month-to-month,Cash,Fiber Optic,5,4.11,18,1,0,1
CUST_1553,22,15,114.53,7003.19,One year,Cash,Fiber Optic,4,12.54,29,0,0,1
CUST_1554,50,28,111.71,1046.62,Two year,Bank Transfer,Fiber Optic,3,77.74,15,0,1,0
CUST_1555,53,24,78.34,3663.61,Month-to-month,Bank Transfer,Fiber Optic,0,75.81,20,0,0,0
CUST_1556,64,9,66.26,7295.94,Month-to-month,Cash,No,1,60.83,44,0,1,1
CUST_1557,37,47,101.83,6532.98,Two year,Credit Card,Fiber Optic,3,21.72,36,0,1,0
CUST_1558,36,33,88.33,4205.38,Month-to-month,Credit Card,DSL,7,74.16,5,0,1,1
CUST_1559,52,62,38.36,6195.41,Month-to-month,Cash,DSL,0,41.4,40,0,0,1
CUST_1560,69,19,102.09,4229.28,Month-to-month,Bank Transfer,DSL,7,51.56,37,0,0,1
CUST_1561,60,67,62.89,1348.93,Month-to-month,Credit Card,DSL,0,89.87,33,0,0,1
CUST_1562,34,40,38.9,1085.42,Month-to-month,Bank Transfer,DSL,7,46.33,18,0,0,1
CUST_1563,62,47,48.18,1588.11,Month-to-month,Credit Card,Fiber Optic,3,63.01,19,1,0,0
CUST_1564,60,65,46.75,2872.28,One year,Cash,DSL,2,96.21,32,1,1,0
CUST_1565,51,29,71.92,7451.18,Month-to-month,UPI,Fiber Optic,3,45.69,42,0,0,1
CUST_1566,26,50,43.44,6417.46,Two year,UPI,DSL,5,56.51,22,0,0,1
CUST_1567,43,13,32.36,3519.13,Month-to-month,Bank Transfer,DSL,6,58.86,41,1,0,0
CUST_1568,19,1,32.37,3995.31,Two year,Bank Transfer,Fiber Optic,4,24.83,1,0,0,1
CUST_1569,26,34,78.33,2198.31,Two year,Credit Card,No,5,73.96,25,1,0,0
CUST_1570,26,48,93.48,5664.39,One year,Cash,Fiber Optic,0,72.94,20,1,1,0
CUST_1571,57,48,52.15,6441.85,Two year,Credit Card,Fiber Optic,0,22.14,35,0,0,0
CUST_1572,34,49,23.47,1987.35,One year,Cash,Fiber Optic,1,2.32,6,1,1,0
CUST_1573,18,64,32.72,430.39,Two year,Cash,DSL,0,99.9,6,1,1,0
CUST_1574,42,61,111.47,5028.72,Month-to-month,Bank Transfer,Fiber Optic,6,58.58,37,0,1,1
CUST_1575,60,29,69.35,4543.85,Month-to-month,UPI,DSL,1,18.92,3,0,0,1
CUST_1576,57,39,65.36,3276.84,One year,UPI,Fiber Optic,0,29.07,37,1,0,0
CUST_1577,59,26,23.8,5186.76,Month-to-month,Bank Transfer,Fiber Optic,0,62.16,31,1,0,0
CUST_1578,42,17,92.86,4449.85,Two year,UPI,Fiber Optic,3,14.62,35,0,1,1
CUST_1579,56,71,72.81,2079.59,Two year,Bank Transfer,DSL,3,4.69,15,0,1,1
CUST_1580,52,13,40.21,3242.06,Month-to-month,Credit Card,Fiber Optic,4,80.05,17,0,0,1
CUST_1581,20,69,31.01,3482.1,Two year,Cash,DSL,5,71.87,15,1,0,0
CUST_1582,67,26,58.34,7053.96,Month-to-month,UPI,DSL,2,31.65,5,1,0,0
CUST_1583,54,49,103.72,7691.14,Month-to-month,UPI,DSL,4,6.79,22,0,0,1
CUST_1584,61,67,106.53,7154.71,Month-to-month,Credit Card,Fiber Optic,0,49.14,11,1,0,0
CUST_1585,61,7,80.28,5781.51,Month-to-month,Credit Card,DSL,4,28.34,28,0,0,1
CUST_1586,68,58,92.75,4721.44,One year,UPI,Fiber Optic,3,40.38,14,1,0,0
CUST_1587,47,49,31.52,5545.17,One year,UPI,No,5,28.12,39,0,0,0
CUST_1588,55,53,78.81,7518.96,Month-to-month,Bank Transfer,DSL,0,18.35,3,1,1,1
CUST_1589,51,65,86.7,2074.99,One year,Bank Transfer,Fiber Optic,7,39.31,42,1,1,0
CUST_1590,29,62,40.07,4327.45,One year,UPI,DSL,0,96.52,11,1,1,0
CUST_1591,36,17,108.02,5547.9,Month-to-month,Bank Transfer,Fiber Optic,4,27.36,30,0,1,1
CUST_1592,54,43,39.5,5466.05,Month-to-month,Credit Card,DSL,5,34.26,38,1,0,1
CUST_1593,61,25,51.35,2093.0,Two year,Cash,No,7,33.59,5,1,0,0
CUST_1594,66,3,82.06,4735.18,Two year,Bank Transfer,Fiber Optic,6,48.55,22,1,1,1
CUST_1595,34,29,83.84,6387.71,Month-to-month,Cash,Fiber Optic,1,84.51,13,0,0,1
CUST_1596,27,32,89.94,3853.12,Month-to-month,Bank Transfer,DSL,6,40.81,44,1,0,1
CUST_1597,66,26,31.2,6367.05,Two year,UPI,Fiber Optic,7,80.81,21,0,0,0
CUST_1598,64,16,104.95,2943.07,One year,Bank Transfer,No,7,12.39,37,0,0,1
CUST_1599,29,25,73.28,7516.21,Month-to-month,Cash,Fiber Optic,2,89.6,25,0,0,0
CUST_1600,33,54,67.13,4318.03,One year,Cash,No,7,19.35,21,0,0,0
CUST_1601,41,28,118.11,4807.99,Month-to-month,UPI,DSL,5,4.88,28,0,0,1
CUST_1602,36,56,94.04,347.76,One year,Cash,Fiber Optic,4,16.68,41,0,0,1
CUST_1603,25,65,31.8,1445.13,Month-to-month,UPI,Fiber Optic,6,19.88,4,0,1,1
CUST_1604,48,41,95.65,5100.18,Month-to-month,UPI,Fiber Optic,4,51.34,29,1,1,1
CUST_1605,38,51,29.52,3416.98,Month-to-month,Cash,No,2,45.54,35,1,1,0
CUST_1606,34,71,22.75,4114.49,Two year,Credit Card,DSL,0,71.87,23,1,1,0
CUST_1607,40,29,60.36,597.47,One year,Cash,DSL,0,6.04,7,1,0,0
CUST_1608,54,19,119.36,6689.67,One year,Cash,DSL,1,50.27,9,1,1,0
CUST_1609,33,66,37.49,6297.59,One year,Bank Transfer,No,4,33.91,23,1,0,0
CUST_1610,23,41,87.26,1564.3,Month-to-month,Cash,No,2,63.44,3,0,1,1
CUST_1611,25,45,37.34,5111.2,Two year,Bank Transfer,Fiber Optic,4,5.33,9,1,0,0
CUST_1612,42,15,92.48,6564.69,Month-to-month,Bank Transfer,Fiber Optic,3,4.46,4,1,1,0
CUST_1613,35,3,70.54,5162.75,Two year,Cash,Fiber Optic,4,43.3,25,1,0,0
CUST_1614,42,11,88.0,2552.14,Month-to-month,UPI,Fiber Optic,4,81.32,6,1,0,1
CUST_1615,29,53,40.29,5283.28,Month-to-month,Credit Card,DSL,3,67.44,18,1,1,1
CUST_1616,32,46,94.56,1762.65,Month-to-month,Cash,Fiber Optic,3,2.65,7,0,1,1
CUST_1617,43,30,119.56,2614.21,One year,Cash,Fiber Optic,6,18.67,35,1,0,1
CUST_1618,58,57,86.57,1996.55,Two year,UPI,Fiber Optic,7,23.45,31,1,1,1
CUST_1619,62,18,69.35,4499.71,One year,Bank Transfer,DSL,7,42.88,38,0,0,1
CUST_1620,43,51,112.32,954.99,Month-to-month,UPI,Fiber Optic,2,59.08,32,1,1,0
CUST_1621,64,48,21.59,7473.15,Two year,UPI,Fiber Optic,6,22.43,35,1,0,0
CUST_1622,49,66,92.99,2734.75,Month-to-month,Bank Transfer,Fiber Optic,0,38.87,28,1,1,0
CUST_1623,27,8,108.87,1829.86,Two year,Cash,Fiber Optic,1,58.81,44,1,0,1
CUST_1624,33,22,26.17,4022.74,One year,UPI,Fiber Optic,6,38.96,5,0,1,0
CUST_1625,24,6,65.01,2288.28,Month-to-month,UPI,Fiber Optic,3,15.17,30,1,0,1
CUST_1626,34,57,40.47,4325.74,Month-to-month,Cash,Fiber Optic,0,49.67,22,1,0,0
CUST_1627,40,36,76.65,2853.22,Month-to-month,Cash,Fiber Optic,7,33.08,17,1,0,0
CUST_1628,43,57,84.95,1143.33,Month-to-month,Credit Card,Fiber Optic,2,86.55,10,0,0,0
CUST_1629,38,49,50.26,2200.57,Month-to-month,UPI,Fiber Optic,5,77.79,7,0,0,1
CUST_1630,39,45,66.0,3563.67,Month-to-month,Credit Card,Fiber Optic,4,19.84,4,1,1,1
CUST_1631,24,66,47.93,339.32,Month-to-month,Bank Transfer,Fiber Optic,2,16.11,42,0,0,1
CUST_1632,31,45,56.94,6188.08,One year,Cash,Fiber Optic,2,35.42,27,1,0,0
CUST_1633,32,20,35.95,5012.41,Two year,Cash,Fiber Optic,3,41.81,7,0,0,0
CUST_1634,24,64,108.56,4850.74,Month-to-month,Credit Card,Fiber Optic,1,93.27,23,1,0,0
CUST_1635,26,67,21.0,4413.79,Month-to-month,UPI,Fiber Optic,6,30.86,11,0,0,0
CUST_1636,68,3,108.24,4763.47,Month-to-month,Bank Transfer,No,3,86.89,8,1,1,1
CUST_1637,65,54,77.17,7483.75,Month-to-month,UPI,Fiber Optic,4,51.03,8,1,0,0
CUST_1638,25,64,53.17,167.7,Two year,UPI,DSL,3,88.68,37,0,0,0
CUST_1639,67,40,92.31,477.62,One year,Credit Card,Fiber Optic,4,70.49,5,1,0,0
CUST_1640,40,59,70.78,1612.8,Two year,UPI,Fiber Optic,3,71.13,7,0,1,0
CUST_1641,46,55,69.91,1421.68,Month-to-month,Credit Card,No,5,52.36,22,1,1,1
CUST_1642,35,62,31.01,1531.44,One year,Cash,Fiber Optic,7,84.19,36,1,1,0
CUST_1643,48,4,58.95,5408.36,Month-to-month,Cash,DSL,1,26.19,2,0,0,1
CUST_1644,47,60,44.11,3729.92,Two year,Cash,Fiber Optic,5,90.83,24,0,1,1
CUST_1645,69,30,21.57,7935.05,Two year,Bank Transfer,Fiber Optic,0,64.04,2,1,1,0
CUST_1646,56,2,56.01,1892.4,One year,Bank Transfer,Fiber Optic,7,44.43,12,0,1,0
CUST_1647,52,62,28.98,2555.56,Two year,UPI,Fiber Optic,7,98.24,42,0,0,1
CUST_1648,35,49,45.68,7875.5,Month-to-month,Credit Card,Fiber Optic,7,86.34,26,1,1,1
CUST_1649,59,9,29.25,6670.89,Two year,UPI,Fiber Optic,1,77.43,38,0,0,1
CUST_1650,56,31,30.09,3811.41,Month-to-month,Cash,Fiber Optic,6,28.12,6,1,0,0
CUST_1651,34,61,39.9,4481.32,Month-to-month,UPI,DSL,3,97.4,23,1,0,0
CUST_1652,31,48,119.98,6761.11,Month-to-month,UPI,DSL,7,74.56,2,0,1,1
CUST_1653,48,25,20.22,3899.74,Two year,UPI,DSL,2,60.92,26,0,1,0
CUST_1654,41,36,83.87,1727.59,Two year,Cash,DSL,0,92.26,14,1,1,1
CUST_1655,52,8,34.12,6644.71,Two year,Credit Card,DSL,7,17.06,18,0,1,1
CUST_1656,61,58,112.06,4348.4,Two year,UPI,DSL,2,14.76,38,0,1,0
CUST_1657,62,45,29.36,1309.04,Month-to-month,Cash,No,7,56.81,32,1,1,1
CUST_1658,51,62,115.51,4094.13,Two year,Bank Transfer,DSL,5,6.61,14,1,0,0
CUST_1659,20,39,81.09,3364.31,Two year,Credit Card,DSL,6,66.73,30,0,0,1
CUST_1660,54,58,20.13,7027.06,Month-to-month,Cash,DSL,1,24.83,13,1,1,0
CUST_1661,60,64,109.4,1095.84,Month-to-month,UPI,Fiber Optic,6,12.78,40,1,0,1
CUST_1662,57,44,72.17,7014.16,One year,Cash,Fiber Optic,0,41.54,31,1,1,0
CUST_1663,43,29,46.27,4146.47,Two year,Credit Card,DSL,5,47.13,37,1,1,0
CUST_1664,40,59,96.73,3294.48,Two year,UPI,Fiber Optic,3,17.88,38,1,0,0
CUST_1665,61,71,112.67,1379.54,Two year,Bank Transfer,Fiber Optic,2,5.11,22,0,1,1
CUST_1666,56,9,68.37,5636.46,Two year,Bank Transfer,Fiber Optic,3,41.99,28,0,0,1
CUST_1667,32,6,51.56,7421.77,Two year,Bank Transfer,Fiber Optic,4,76.19,19,0,0,0
CUST_1668,66,29,98.89,3065.48,One year,Cash,Fiber Optic,6,87.55,43,0,0,1
CUST_1669,21,58,88.18,2008.52,One year,Credit Card,DSL,0,10.66,16,0,1,0
CUST_1670,46,17,108.88,4483.45,Month-to-month,Bank Transfer,Fiber Optic,2,52.94,5,0,1,1
CUST_1671,39,16,89.25,6389.87,One year,UPI,Fiber Optic,1,27.08,44,1,0,0
CUST_1672,42,3,44.35,129.76,Month-to-month,UPI,Fiber Optic,7,38.09,2,0,0,1
CUST_1673,30,21,113.17,5087.88,Two year,UPI,DSL,1,93.41,10,1,0,0
CUST_1674,35,64,30.48,4812.48,Month-to-month,Cash,No,1,35.86,19,0,0,0
CUST_1675,50,36,46.79,2613.4,Month-to-month,Credit Card,Fiber Optic,5,37.17,20,1,0,0
CUST_1676,33,62,72.02,3666.24,Month-to-month,Credit Card,DSL,1,21.73,29,1,0,1
CUST_1677,62,42,76.57,2051.01,One year,Bank Transfer,Fiber Optic,2,96.04,25,1,1,0
CUST_1678,59,42,21.53,6340.1,Month-to-month,Credit Card,Fiber Optic,7,46.19,17,1,1,1
CUST_1679,61,61,98.06,5112.83,Month-to-month,UPI,Fiber Optic,6,57.47,13,1,0,1
CUST_1680,19,13,56.16,4308.42,Month-to-month,UPI,Fiber Optic,6,45.86,16,1,0,0
CUST_1681,52,11,60.64,3200.96,Month-to-month,Cash,DSL,6,26.04,35,0,1,1
CUST_1682,59,54,100.94,2401.94,Month-to-month,UPI,Fiber Optic,5,81.23,36,1,0,1
CUST_1683,51,16,57.93,6599.62,Month-to-month,Credit Card,No,4,3.82,39,0,0,1
CUST_1684,47,8,24.72,3666.12,Month-to-month,UPI,DSL,1,69.33,3,0,0,1
CUST_1685,30,59,37.64,4061.43,Month-to-month,Bank Transfer,Fiber Optic,6,59.83,9,0,1,0
CUST_1686,30,57,115.59,4214.55,Month-to-month,Cash,Fiber Optic,1,15.28,40,0,0,1
CUST_1687,35,40,27.04,3642.1,Month-to-month,Cash,Fiber Optic,7,17.42,29,0,1,1
CUST_1688,49,59,55.49,2123.1,Two year,Credit Card,Fiber Optic,7,66.26,5,0,0,0
CUST_1689,49,2,70.32,1050.69,Month-to-month,UPI,Fiber Optic,5,31.9,3,0,0,1
CUST_1690,52,10,69.33,878.44,Month-to-month,UPI,Fiber Optic,1,27.31,10,0,1,0
CUST_1691,56,44,20.4,6083.95,Month-to-month,Credit Card,No,4,6.86,31,0,0,1
CUST_1692,63,11,70.12,1865.87,Month-to-month,Credit Card,DSL,5,76.88,11,1,0,1
CUST_1693,69,2,58.38,539.82,Month-to-month,Bank Transfer,Fiber Optic,5,88.38,17,0,0,1
CUST_1694,46,50,117.21,6400.39,Month-to-month,Credit Card,DSL,0,82.16,40,1,1,0
CUST_1695,66,12,35.92,1317.09,One year,UPI,DSL,5,47.14,41,0,1,0
CUST_1696,46,23,55.42,5038.65,One year,Bank Transfer,Fiber Optic,1,53.86,8,1,0,0
CUST_1697,61,18,61.95,2775.28,Month-to-month,Cash,DSL,5,24.99,2,0,1,1
CUST_1698,33,62,59.07,1099.19,One year,UPI,Fiber Optic,1,18.11,4,1,0,0
CUST_1699,61,62,86.58,3374.4,Month-to-month,Cash,Fiber Optic,1,82.48,16,0,0,0
CUST_1700,64,38,41.55,216.99,Two year,Cash,No,6,80.04,41,1,0,0
CUST_1701,27,67,42.11,6744.26,Month-to-month,Cash,DSL,5,77.96,41,0,0,1
CUST_1702,47,38,92.92,4156.63,One year,UPI,DSL,0,46.87,21,1,0,0
CUST_1703,42,67,70.03,1199.36,Month-to-month,Cash,DSL,1,86.59,5,0,0,0
CUST_1704,56,61,61.52,1972.14,Two year,UPI,Fiber Optic,6,92.7,35,1,0,0
CUST_1705,37,1,36.92,3639.0,Month-to-month,Cash,Fiber Optic,0,33.51,14,1,0,1
CUST_1706,22,45,38.75,1592.07,Month-to-month,Credit Card,DSL,0,23.24,15,1,1,0
CUST_1707,18,28,21.06,2221.93,One year,Credit Card,No,5,46.96,6,1,0,0
CUST_1708,47,21,29.14,4321.65,Month-to-month,UPI,No,3,18.75,16,0,0,1
CUST_1709,66,13,75.68,6677.61,One year,Cash,Fiber Optic,6,88.52,23,0,0,1
CUST_1710,20,27,109.19,3274.53,One year,Cash,DSL,3,34.46,31,1,0,0
CUST_1711,62,7,48.72,5764.1,Month-to-month,Cash,Fiber Optic,1,58.04,42,0,1,1
CUST_1712,31,22,52.77,7025.81,Month-to-month,Credit Card,Fiber Optic,2,59.88,12,1,0,0
CUST_1713,47,53,31.56,1808.78,Month-to-month,Cash,Fiber Optic,3,51.98,41,0,0,0
CUST_1714,67,4,58.86,6476.82,One year,Cash,DSL,6,16.5,19,1,1,1
CUST_1715,21,23,23.72,6083.48,Month-to-month,UPI,DSL,5,99.11,12,1,0,1
CUST_1716,35,70,111.76,2919.8,One year,Cash,No,6,18.09,13,0,0,1
CUST_1717,54,33,87.31,7917.21,Two year,Credit Card,DSL,5,75.4,2,1,1,0
CUST_1718,42,28,119.07,2174.32,Month-to-month,Cash,Fiber Optic,3,79.34,20,0,0,1
CUST_1719,65,8,108.28,2112.95,Two year,Credit Card,Fiber Optic,2,15.37,31,0,0,1
CUST_1720,18,1,67.3,6200.85,One year,Credit Card,Fiber Optic,4,93.38,9,1,0,0
CUST_1721,63,37,71.97,3533.79,Month-to-month,Bank Transfer,Fiber Optic,1,49.29,21,0,1,0
CUST_1722,32,63,39.06,2713.28,Month-to-month,Credit Card,Fiber Optic,6,63.26,8,1,1,0
CUST_1723,26,22,66.2,1511.44,One year,Bank Transfer,Fiber Optic,4,64.58,39,1,0,1
CUST_1724,32,70,110.3,6146.13,Month-to-month,Bank Transfer,Fiber Optic,4,50.99,37,1,0,1
CUST_1725,66,21,25.09,6311.94,Month-to-month,Cash,DSL,0,15.06,29,0,1,1
CUST_1726,41,35,106.36,4575.86,Month-to-month,Bank Transfer,Fiber Optic,0,75.42,19,1,0,0
CUST_1727,21,5,54.09,7662.78,One year,UPI,Fiber Optic,1,58.6,35,0,0,0
CUST_1728,29,60,109.95,2613.49,One year,Credit Card,Fiber Optic,2,12.75,38,1,0,1
CUST_1729,54,46,114.09,1834.99,One year,UPI,Fiber Optic,0,70.33,26,1,1,0
CUST_1730,54,50,87.09,5451.99,Month-to-month,Bank Transfer,DSL,6,70.57,11,0,0,1
CUST_1731,60,48,86.44,6091.43,Two year,Cash,Fiber Optic,6,55.3,36,1,0,1
CUST_1732,23,6,65.28,1876.76,Two year,Credit Card,DSL,3,9.96,35,0,1,1
CUST_1733,56,56,103.55,705.23,Month-to-month,UPI,No,6,35.91,4,0,0,1
CUST_1734,63,59,116.16,6503.08,Month-to-month,Cash,No,1,6.04,3,0,0,1
CUST_1735,41,29,97.51,7814.37,Two year,Bank Transfer,DSL,5,48.28,12,0,1,1
CUST_1736,28,71,82.19,5192.91,Two year,Cash,DSL,4,90.74,32,0,0,1
CUST_1737,30,18,80.68,2295.15,One year,UPI,Fiber Optic,6,1.22,26,0,0,1
CUST_1738,51,2,104.95,7973.71,Two year,Cash,No,1,27.4,43,1,0,1
CUST_1739,42,8,74.12,7156.81,One year,UPI,Fiber Optic,5,80.19,43,0,0,0
CUST_1740,24,54,100.39,4155.71,Month-to-month,Cash,Fiber Optic,5,1.98,13,0,0,1
CUST_1741,69,38,70.89,6620.04,One year,Credit Card,Fiber Optic,0,2.01,44,0,1,0
CUST_1742,21,48,26.24,6544.98,One year,Cash,DSL,5,61.47,38,1,1,1
CUST_1743,25,27,58.39,7484.91,Two year,Credit Card,Fiber Optic,2,79.13,29,0,0,0
CUST_1744,37,20,64.44,6743.3,Month-to-month,UPI,DSL,5,77.87,19,1,0,0
CUST_1745,46,12,34.16,5185.07,One year,Credit Card,Fiber Optic,5,78.18,35,0,0,1
CUST_1746,68,43,30.25,4913.5,One year,Cash,DSL,4,36.74,41,0,1,0
CUST_1747,62,61,73.55,3792.12,Month-to-month,Credit Card,Fiber Optic,2,88.39,27,0,1,1
CUST_1748,63,31,28.51,5049.24,Month-to-month,UPI,No,1,2.27,31,0,0,0
CUST_1749,27,61,50.29,6382.21,Two year,Cash,Fiber Optic,2,31.91,3,1,0,0
CUST_1750,60,67,94.46,7755.4,Month-to-month,Credit Card,Fiber Optic,2,34.38,35,1,0,0
CUST_1751,51,35,116.44,3791.57,One year,Credit Card,DSL,1,17.39,24,0,1,1
CUST_1752,43,15,91.79,4631.86,Two year,Bank Transfer,Fiber Optic,4,34.29,7,0,0,0
CUST_1753,58,16,119.26,3613.96,Month-to-month,Credit Card,DSL,6,59.0,35,0,0,1
CUST_1754,66,13,89.83,5381.06,Two year,Bank Transfer,Fiber Optic,7,52.51,21,1,0,1
CUST_1755,20,35,49.38,5076.37,One year,UPI,DSL,5,32.62,1,1,0,0
CUST_1756,23,59,87.21,240.89,Month-to-month,Bank Transfer,DSL,2,75.18,44,0,0,1
CUST_1757,22,21,90.22,4375.18,Month-to-month,UPI,DSL,2,71.76,6,1,0,0
CUST_1758,22,54,57.17,799.05,Two year,Credit Card,DSL,6,28.79,39,1,0,1
CUST_1759,64,30,21.77,308.43,Month-to-month,Credit Card,Fiber Optic,1,33.0,34,1,0,0
CUST_1760,40,48,90.32,6350.46,Month-to-month,Bank Transfer,Fiber Optic,3,29.46,18,1,0,1
CUST_1761,66,35,22.17,2143.33,Month-to-month,UPI,DSL,6,13.76,25,1,0,1
CUST_1762,26,38,83.12,2791.18,Month-to-month,Credit Card,Fiber Optic,2,75.53,15,0,1,0
CUST_1763,52,31,36.36,606.27,Month-to-month,Bank Transfer,Fiber Optic,0,5.58,32,1,1,1
CUST_1764,37,24,76.56,1518.05,Two year,Bank Transfer,Fiber Optic,5,15.91,42,1,1,1
CUST_1765,66,49,70.39,6148.28,Two year,Bank Transfer,Fiber Optic,5,11.43,18,1,0,0
CUST_1766,59,32,21.35,3998.89,Month-to-month,Credit Card,DSL,6,82.71,31,0,1,1
CUST_1767,52,55,56.29,7057.28,Month-to-month,UPI,DSL,4,5.36,29,1,0,1
CUST_1768,67,58,80.11,3238.21,One year,Credit Card,Fiber Optic,6,66.8,15,0,0,0
CUST_1769,35,3,104.86,2222.74,Month-to-month,Cash,No,2,5.4,23,0,0,1
CUST_1770,34,69,108.86,2846.04,Two year,Cash,Fiber Optic,1,78.86,38,1,0,0
CUST_1771,41,10,68.38,5730.9,Two year,Credit Card,Fiber Optic,0,91.36,41,1,0,0
CUST_1772,20,25,92.84,4484.54,Two year,UPI,Fiber Optic,6,49.2,11,1,0,0
CUST_1773,49,68,51.65,7243.11,Month-to-month,Bank Transfer,Fiber Optic,1,80.65,15,1,0,1
CUST_1774,52,61,54.22,4857.13,Month-to-month,Cash,Fiber Optic,6,70.93,23,1,0,0
CUST_1775,55,29,39.45,3994.84,Month-to-month,Cash,Fiber Optic,2,79.77,3,1,1,0
CUST_1776,30,19,76.19,6307.45,Month-to-month,Credit Card,Fiber Optic,0,76.91,19,1,0,0
CUST_1777,64,43,51.46,7585.52,Month-to-month,Cash,Fiber Optic,4,21.33,1,0,1,1
CUST_1778,42,66,28.44,2911.18,Two year,Cash,Fiber Optic,4,50.46,24,1,0,0
CUST_1779,26,61,88.5,2074.02,Two year,Bank Transfer,Fiber Optic,6,96.08,11,0,0,1
CUST_1780,21,43,90.78,4968.12,Two year,Bank Transfer,DSL,7,35.01,30,1,1,1
CUST_1781,31,25,56.0,4041.1,Two year,UPI,Fiber Optic,4,97.08,11,0,0,0
CUST_1782,54,20,27.67,7914.57,Month-to-month,Cash,Fiber Optic,7,58.73,39,0,1,1
CUST_1783,51,48,62.63,3752.66,One year,UPI,No,7,46.7,1,0,0,0
CUST_1784,28,24,64.23,687.22,Month-to-month,UPI,Fiber Optic,3,66.12,12,1,0,0
CUST_1785,58,11,86.87,7821.22,Month-to-month,Bank Transfer,DSL,1,81.77,4,0,0,1
CUST_1786,20,55,51.54,6764.34,One year,Bank Transfer,DSL,2,40.03,25,0,1,0
CUST_1787,45,28,88.26,1508.18,One year,Credit Card,Fiber Optic,0,4.26,8,1,0,0
CUST_1788,46,69,107.15,7246.38,One year,Bank Transfer,DSL,6,71.17,15,0,0,0
CUST_1789,26,63,43.75,2791.27,Month-to-month,UPI,No,6,95.66,43,0,1,1
CUST_1790,20,59,117.89,3079.18,Month-to-month,Cash,DSL,5,62.87,30,0,0,1
CUST_1791,42,5,58.64,7260.49,Month-to-month,UPI,No,5,19.65,40,1,1,1
CUST_1792,51,51,46.73,4287.91,Month-to-month,UPI,Fiber Optic,1,25.58,32,1,0,0
CUST_1793,29,21,62.15,1188.33,Month-to-month,UPI,No,2,91.07,44,1,0,1
CUST_1794,59,12,29.44,3015.54,One year,Bank Transfer,DSL,3,2.34,35,0,0,0
CUST_1795,26,50,32.57,5804.57,Two year,UPI,Fiber Optic,2,55.33,21,0,0,0
CUST_1796,32,4,61.44,1476.06,Month-to-month,Credit Card,DSL,1,16.71,31,0,1,1
CUST_1797,57,42,96.24,4762.83,One year,Cash,DSL,2,28.99,36,1,0,0
CUST_1798,42,38,110.03,5592.67,Month-to-month,Bank Transfer,DSL,5,31.39,27,1,0,1
CUST_1799,22,25,86.48,2816.44,Two year,UPI,Fiber Optic,5,22.71,44,1,1,0
CUST_1800,28,14,30.52,5581.66,Month-to-month,Credit Card,DSL,0,79.44,8,1,0,0
CUST_1801,51,32,87.2,7085.24,Two year,Cash,No,3,33.89,23,0,1,0
CUST_1802,41,11,83.54,3829.72,Two year,UPI,DSL,5,35.2,23,0,1,0
CUST_1803,32,61,100.58,3124.98,Two year,Cash,Fiber Optic,0,45.85,42,1,1,0
CUST_1804,55,18,102.52,2084.15,Month-to-month,Bank Transfer,DSL,3,90.33,33,1,1,0
CUST_1805,25,27,106.82,4873.22,One year,Bank Transfer,Fiber Optic,5,69.13,13,1,0,1
CUST_1806,22,55,61.41,7050.83,Month-to-month,Credit Card,DSL,3,7.11,39,1,1,0
CUST_1807,65,54,89.79,2664.82,Month-to-month,Bank Transfer,No,7,4.89,35,1,0,1
CUST_1808,43,21,46.83,3230.26,Month-to-month,Credit Card,Fiber Optic,2,57.07,16,1,1,0
CUST_1809,35,44,119.93,3312.34,Two year,UPI,No,0,88.82,12,1,0,0
CUST_1810,23,5,37.53,4530.42,Two year,Cash,DSL,3,33.0,31,0,1,1
CUST_1811,54,41,21.01,1904.43,Month-to-month,Bank Transfer,Fiber Optic,6,25.53,5,1,1,1
CUST_1812,65,59,34.88,6595.47,Month-to-month,Cash,Fiber Optic,3,75.07,40,1,0,0
CUST_1813,30,54,97.59,2435.26,Two year,Cash,Fiber Optic,2,60.61,44,1,0,0
CUST_1814,45,22,64.68,5672.37,Month-to-month,UPI,Fiber Optic,5,56.94,25,0,1,0
CUST_1815,22,65,64.75,4154.4,Month-to-month,UPI,No,5,15.78,21,0,0,1
CUST_1816,30,64,115.5,4728.59,Month-to-month,Bank Transfer,DSL,6,18.42,3,0,0,1
CUST_1817,34,71,111.96,1518.91,One year,UPI,Fiber Optic,1,28.9,10,1,0,0
CUST_1818,67,4,51.12,5906.68,Month-to-month,Cash,DSL,1,21.48,23,0,0,1
CUST_1819,57,65,40.91,1590.1,One year,Credit Card,DSL,5,97.17,17,1,0,1
CUST_1820,62,15,104.85,996.44,Month-to-month,Credit Card,Fiber Optic,7,2.84,42,1,0,1
CUST_1821,49,22,110.6,4418.77,Month-to-month,Credit Card,No,6,62.98,35,1,0,0
CUST_1822,46,47,74.16,5703.45,Month-to-month,Bank Transfer,No,4,52.24,25,1,0,0
CUST_1823,68,46,82.94,495.28,Month-to-month,UPI,Fiber Optic,4,33.0,2,1,0,1
CUST_1824,20,14,45.69,648.22,Month-to-month,UPI,No,6,88.87,27,1,0,1
CUST_1825,57,50,100.08,6441.17,Month-to-month,UPI,Fiber Optic,3,67.35,9,1,0,0
CUST_1826,51,20,83.21,6491.36,Two year,UPI,Fiber Optic,5,99.84,4,0,0,1
CUST_1827,57,50,70.35,2037.91,Month-to-month,Cash,DSL,1,17.7,26,0,0,0
CUST_1828,44,33,26.01,4960.3,One year,Credit Card,Fiber Optic,3,9.7,32,1,1,0
CUST_1829,30,59,111.59,3601.12,Two year,Cash,DSL,0,14.8,29,0,0,1
CUST_1830,62,43,81.55,5098.3,Two year,Bank Transfer,DSL,6,27.66,22,1,0,0
CUST_1831,50,12,39.27,6916.75,Two year,Credit Card,Fiber Optic,6,42.26,13,0,0,0
CUST_1832,23,40,80.64,730.87,One year,Credit Card,Fiber Optic,7,86.4,23,0,1,0
CUST_1833,41,20,87.75,6246.08,Month-to-month,Cash,Fiber Optic,1,29.08,31,0,0,1
CUST_1834,36,38,72.58,3994.93,Two year,Bank Transfer,No,1,91.61,41,1,1,0
CUST_1835,33,3,91.81,4556.6,Two year,Bank Transfer,Fiber Optic,1,46.83,36,0,0,1
CUST_1836,57,28,78.15,5266.06,Two year,Credit Card,DSL,6,65.06,40,0,0,0
CUST_1837,45,56,114.78,7388.72,One year,UPI,Fiber Optic,4,27.18,31,1,1,1
CUST_1838,50,13,25.37,548.09,One year,Bank Transfer,Fiber Optic,2,16.45,15,1,0,0
CUST_1839,65,66,30.62,332.86,Month-to-month,Cash,No,7,87.08,14,0,1,1
CUST_1840,58,37,37.37,1508.27,One year,Bank Transfer,No,2,11.84,35,1,1,0
CUST_1841,30,49,89.02,7892.94,Month-to-month,Credit Card,Fiber Optic,7,77.63,24,1,1,0
CUST_1842,60,66,84.56,5749.1,Month-to-month,UPI,Fiber Optic,6,58.52,30,0,1,1
CUST_1843,62,36,109.21,4955.66,One year,Bank Transfer,Fiber Optic,4,86.25,30,1,0,0
CUST_1844,42,54,93.29,471.61,Month-to-month,Credit Card,DSL,7,72.06,27,1,0,1
CUST_1845,59,26,70.84,7044.97,Month-to-month,Bank Transfer,DSL,5,28.88,40,1,0,1
CUST_1846,53,40,119.18,6520.78,Two year,UPI,Fiber Optic,5,57.87,14,1,1,0
CUST_1847,44,43,46.61,5351.92,Two year,Cash,No,6,2.29,11,1,0,1
CUST_1848,55,22,103.32,2779.13,One year,Credit Card,No,6,48.05,44,0,0,0
CUST_1849,24,20,62.68,656.99,Month-to-month,Credit Card,DSL,4,9.52,26,1,1,1
CUST_1850,22,8,84.87,4682.3,Two year,UPI,Fiber Optic,4,43.47,21,1,0,1
CUST_1851,60,29,92.73,5785.59,Month-to-month,Credit Card,No,5,11.85,9,1,0,1
CUST_1852,62,40,83.38,844.5,One year,UPI,Fiber Optic,2,95.59,1,1,1,0
CUST_1853,68,30,34.05,5106.76,Month-to-month,Credit Card,DSL,3,52.78,44,1,0,0
CUST_1854,48,55,64.3,2362.29,Month-to-month,UPI,Fiber Optic,4,91.41,6,0,0,1
CUST_1855,40,16,76.14,6137.53,One year,Bank Transfer,Fiber Optic,3,3.21,1,0,0,0
CUST_1856,59,46,104.9,4362.97,One year,Bank Transfer,Fiber Optic,3,64.13,22,1,0,0
CUST_1857,27,62,64.36,1119.39,Month-to-month,Bank Transfer,Fiber Optic,0,31.39,13,1,0,0
CUST_1858,49,7,111.87,4259.5,Month-to-month,Credit Card,Fiber Optic,2,43.75,38,0,0,1
CUST_1859,60,45,64.04,3226.32,Month-to-month,UPI,DSL,7,87.44,41,0,0,0
CUST_1860,47,59,74.88,1524.81,Month-to-month,UPI,Fiber Optic,6,98.02,40,1,0,1
CUST_1861,56,56,99.63,6747.97,One year,Cash,Fiber Optic,3,25.4,31,0,0,0
CUST_1862,48,48,78.31,187.12,Month-to-month,Bank Transfer,DSL,6,94.88,15,0,0,0
CUST_1863,35,27,116.02,2565.81,Month-to-month,Cash,No,6,69.18,2,1,0,1
CUST_1864,53,53,86.03,199.5,Month-to-month,Bank Transfer,DSL,2,95.19,31,0,0,1
CUST_1865,19,35,72.27,858.45,Month-to-month,Cash,Fiber Optic,2,56.67,26,0,0,0
CUST_1866,31,51,22.36,2447.06,One year,Bank Transfer,No,0,96.11,2,0,0,0
CUST_1867,30,37,61.37,528.74,One year,UPI,DSL,7,89.35,11,1,1,0
CUST_1868,46,57,49.92,4813.38,Month-to-month,Bank Transfer,Fiber Optic,6,13.73,33,0,1,1
CUST_1869,29,8,94.81,786.22,Month-to-month,Credit Card,Fiber Optic,5,31.77,18,1,0,1
CUST_1870,56,20,40.83,5643.54,One year,Bank Transfer,DSL,7,25.06,21,1,1,1
CUST_1871,19,53,40.52,515.87,Month-to-month,Bank Transfer,No,7,57.64,31,1,0,1
CUST_1872,49,12,38.95,568.54,Month-to-month,UPI,DSL,2,80.48,26,0,1,1
CUST_1873,30,49,32.56,2512.07,Month-to-month,Credit Card,Fiber Optic,3,76.18,30,1,0,0
CUST_1874,63,17,51.1,7182.92,Month-to-month,UPI,DSL,5,72.95,39,0,1,1
CUST_1875,44,64,108.59,5167.01,Month-to-month,Cash,DSL,5,38.15,21,0,0,1
CUST_1876,66,42,97.49,6184.04,Two year,Cash,No,1,14.82,16,0,0,0
CUST_1877,58,29,93.53,1218.26,One year,Credit Card,Fiber Optic,3,21.85,7,0,1,1
CUST_1878,34,19,99.73,6689.59,One year,Cash,DSL,3,74.43,22,1,0,0
CUST_1879,57,11,46.94,164.36,Month-to-month,Credit Card,Fiber Optic,2,15.61,7,1,1,1
CUST_1880,48,50,108.74,1783.15,One year,Bank Transfer,Fiber Optic,3,23.07,2,0,0,0
CUST_1881,51,71,33.73,4967.13,Two year,Cash,No,7,43.03,37,1,0,0
CUST_1882,41,58,53.63,3064.45,One year,Bank Transfer,Fiber Optic,6,8.14,14,0,1,0
CUST_1883,62,34,78.67,7875.13,Month-to-month,UPI,No,1,22.06,8,1,0,0
CUST_1884,52,20,30.29,339.68,One year,Cash,Fiber Optic,2,15.83,29,1,0,0
CUST_1885,65,50,93.01,7988.93,Month-to-month,UPI,Fiber Optic,4,95.18,44,1,1,1
CUST_1886,23,10,58.72,5026.66,One year,UPI,No,3,19.96,7,0,1,0
CUST_1887,36,32,98.44,4513.79,Month-to-month,Credit Card,DSL,3,86.32,38,1,0,1
CUST_1888,47,52,69.29,570.15,Two year,UPI,DSL,0,12.37,22,0,1,0
CUST_1889,24,15,38.09,2259.3,One year,Credit Card,DSL,4,87.1,44,0,1,0
CUST_1890,27,3,93.48,7404.84,Month-to-month,Credit Card,DSL,4,60.34,17,1,0,1
CUST_1891,58,37,45.21,2898.54,Month-to-month,Credit Card,DSL,6,85.12,16,1,1,1
CUST_1892,49,40,69.08,5327.06,Month-to-month,Credit Card,Fiber Optic,1,86.87,33,0,0,0
CUST_1893,51,40,27.55,7996.02,Month-to-month,Credit Card,Fiber Optic,6,60.04,39,0,1,1
CUST_1894,45,56,81.79,2178.25,Month-to-month,Bank Transfer,Fiber Optic,4,91.85,35,0,0,1
CUST_1895,32,23,86.59,4651.04,Month-to-month,Credit Card,Fiber Optic,6,58.96,38,0,1,1
CUST_1896,47,11,57.87,5601.86,Month-to-month,Cash,DSL,7,71.54,32,0,1,1
CUST_1897,54,64,115.44,1400.56,Two year,Credit Card,Fiber Optic,6,42.19,3,1,0,0
CUST_1898,46,8,107.42,1274.51,Month-to-month,Bank Transfer,Fiber Optic,0,91.49,3,0,0,1
CUST_1899,39,56,90.79,3704.83,Month-to-month,Cash,DSL,7,82.59,8,0,1,1
CUST_1900,21,60,91.37,3147.92,Month-to-month,Cash,No,1,17.5,31,1,1,1
CUST_1901,37,10,45.24,5742.3,Month-to-month,Bank Transfer,Fiber Optic,6,58.06,9,1,0,1
CUST_1902,49,39,85.68,649.12,Month-to-month,Cash,No,6,89.79,5,1,1,1
CUST_1903,53,28,39.82,7780.12,One year,Bank Transfer,DSL,4,79.51,28,1,0,1
CUST_1904,67,49,34.4,212.79,Month-to-month,UPI,Fiber Optic,1,96.29,15,0,1,1
CUST_1905,21,36,119.95,4850.4,One year,UPI,Fiber Optic,7,23.9,27,1,0,1
CUST_1906,44,13,82.24,4544.8,Two year,Credit Card,Fiber Optic,4,37.38,42,1,0,0
CUST_1907,34,36,63.1,1164.25,Month-to-month,Credit Card,Fiber Optic,4,51.21,31,1,0,1
CUST_1908,29,26,48.82,1292.24,Month-to-month,Credit Card,No,6,24.03,40,1,0,0
CUST_1909,39,4,80.39,6362.15,Month-to-month,Credit Card,Fiber Optic,5,40.01,18,1,1,1
CUST_1910,34,64,24.96,7111.74,One year,Bank Transfer,Fiber Optic,4,54.22,38,1,0,0
CUST_1911,27,38,29.47,2335.83,Month-to-month,UPI,No,6,19.94,4,0,1,1
CUST_1912,18,22,23.29,3559.92,One year,Bank Transfer,Fiber Optic,3,26.41,21,1,1,0
CUST_1913,39,2,69.92,2904.46,One year,Cash,Fiber Optic,4,13.36,42,1,1,0
CUST_1914,43,31,80.06,673.12,One year,Cash,DSL,3,71.62,23,1,0,0
CUST_1915,35,11,26.25,5418.31,Month-to-month,Cash,No,7,36.79,22,0,0,1
CUST_1916,67,46,92.12,6619.02,Month-to-month,Cash,Fiber Optic,2,22.81,1,1,0,1
CUST_1917,31,62,43.04,2508.55,One year,Cash,Fiber Optic,5,51.23,25,0,0,0
CUST_1918,64,69,88.52,7922.39,Two year,UPI,DSL,7,7.76,41,1,1,1
CUST_1919,46,64,118.19,699.23,Two year,Bank Transfer,Fiber Optic,0,92.42,28,1,0,1
CUST_1920,29,10,89.11,5328.15,Two year,Cash,Fiber Optic,1,30.15,37,0,1,0
CUST_1921,53,40,108.32,3641.0,One year,Credit Card,Fiber Optic,1,88.76,11,0,0,0
CUST_1922,52,24,114.82,3628.16,One year,UPI,Fiber Optic,2,50.26,22,0,0,0
CUST_1923,69,44,68.68,3715.4,One year,Credit Card,DSL,4,85.16,25,1,0,1
CUST_1924,29,60,90.23,2143.59,Month-to-month,UPI,DSL,0,25.46,21,1,1,0
CUST_1925,24,62,105.2,5752.95,One year,UPI,Fiber Optic,2,18.35,36,1,0,0
CUST_1926,46,17,55.66,5800.45,Month-to-month,Credit Card,DSL,2,85.09,20,1,0,0
CUST_1927,28,65,46.14,2330.94,Month-to-month,Credit Card,Fiber Optic,1,22.08,16,0,1,0
CUST_1928,50,57,114.66,6698.92,One year,Cash,Fiber Optic,3,74.87,28,0,1,0
CUST_1929,23,55,92.63,2603.08,Month-to-month,Credit Card,No,7,35.11,29,1,0,1
CUST_1930,64,53,41.97,5828.24,Month-to-month,Bank Transfer,DSL,7,75.07,26,1,0,1
CUST_1931,32,56,64.91,1055.9,Month-to-month,UPI,DSL,3,90.86,40,0,0,1
CUST_1932,49,9,99.65,1432.74,Two year,UPI,Fiber Optic,4,98.18,2,0,1,1
CUST_1933,68,22,74.71,2594.79,One year,Cash,Fiber Optic,4,36.62,10,0,0,0
CUST_1934,28,13,85.0,4791.6,Month-to-month,UPI,DSL,6,37.39,13,1,1,1
CUST_1935,40,48,95.38,5199.54,Month-to-month,Credit Card,Fiber Optic,6,98.16,15,0,0,1
CUST_1936,43,18,82.2,3231.21,Month-to-month,UPI,Fiber Optic,7,86.29,9,1,0,1
CUST_1937,51,40,74.01,714.93,Month-to-month,UPI,DSL,2,5.46,27,0,0,1
CUST_1938,63,17,94.96,3051.71,Month-to-month,Credit Card,DSL,4,57.77,8,0,1,0
CUST_1939,51,15,92.76,5541.26,One year,Credit Card,No,3,18.94,6,0,0,1
CUST_1940,46,15,82.99,5400.86,Month-to-month,UPI,DSL,7,99.41,36,1,1,1
CUST_1941,21,63,55.98,1365.55,Month-to-month,Bank Transfer,DSL,0,14.75,24,0,0,1
CUST_1942,34,39,60.58,161.49,Month-to-month,Credit Card,DSL,1,56.38,3,1,0,0
CUST_1943,52,13,117.04,6048.55,Month-to-month,Bank Transfer,Fiber Optic,3,66.85,26,0,0,1
CUST_1944,30,32,31.24,940.31,Month-to-month,Bank Transfer,Fiber Optic,6,93.77,36,1,0,0
CUST_1945,58,9,46.85,750.56,One year,Cash,DSL,5,84.88,21,0,0,1
CUST_1946,56,40,69.24,121.34,Month-to-month,Bank Transfer,DSL,4,25.33,13,1,0,0
CUST_1947,32,20,103.67,3517.55,Two year,Cash,DSL,1,57.69,11,0,0,0
CUST_1948,46,63,36.37,4075.78,One year,Bank Transfer,Fiber Optic,5,95.4,8,1,0,0
CUST_1949,46,44,47.7,5137.55,Month-to-month,Cash,DSL,7,73.84,14,1,0,1
CUST_1950,28,38,26.58,2438.9,Month-to-month,Credit Card,No,1,69.15,33,0,1,1
CUST_1951,69,60,90.6,5712.36,One year,UPI,DSL,2,75.74,2,1,0,0
CUST_1952,49,71,43.82,1437.72,Month-to-month,UPI,DSL,7,32.93,1,0,0,1
CUST_1953,19,48,58.87,6672.72,One year,Cash,DSL,4,73.2,11,1,0,0
CUST_1954,64,18,64.37,4617.6,Two year,Credit Card,Fiber Optic,2,24.05,6,0,1,0
CUST_1955,31,16,109.13,4712.73,Month-to-month,Cash,Fiber Optic,7,43.38,32,0,1,1
CUST_1956,37,55,61.13,1757.23,One year,Cash,No,1,89.1,15,0,0,1
CUST_1957,39,39,34.52,685.46,Two year,Credit Card,DSL,2,2.88,12,1,1,0
CUST_1958,28,68,72.43,3771.33,Month-to-month,Bank Transfer,DSL,7,42.02,37,0,0,1
CUST_1959,44,59,116.3,4963.33,One year,Bank Transfer,Fiber Optic,7,27.42,29,1,0,1
CUST_1960,20,62,80.77,850.87,Month-to-month,Credit Card,Fiber Optic,4,20.66,44,0,0,1
CUST_1961,34,13,118.34,7609.22,Month-to-month,Cash,Fiber Optic,3,84.02,22,1,0,0
CUST_1962,61,6,104.11,7845.27,One year,UPI,DSL,0,69.95,14,1,1,0
CUST_1963,45,60,23.6,4409.11,One year,Cash,DSL,5,12.15,19,1,0,1
CUST_1964,46,14,85.84,7605.55,Two year,Bank Transfer,DSL,3,49.95,5,1,1,0
CUST_1965,38,54,48.68,1517.62,Month-to-month,Credit Card,Fiber Optic,7,47.22,35,0,0,1
CUST_1966,64,4,75.96,300.82,Month-to-month,Credit Card,Fiber Optic,1,15.11,25,0,0,1
CUST_1967,33,39,47.93,411.34,Month-to-month,Credit Card,Fiber Optic,7,80.18,38,0,0,1
CUST_1968,54,25,54.89,4741.35,Month-to-month,Bank Transfer,DSL,3,37.3,9,1,0,0
CUST_1969,37,32,112.32,586.97,Month-to-month,Cash,Fiber Optic,2,76.43,7,1,1,1
CUST_1970,23,59,40.66,7672.51,Month-to-month,Credit Card,Fiber Optic,4,20.01,18,1,0,1
CUST_1971,36,63,107.41,1221.27,Month-to-month,UPI,DSL,3,32.19,2,1,0,1
CUST_1972,22,38,23.05,2507.31,Month-to-month,Credit Card,No,3,10.42,10,1,1,1
CUST_1973,20,53,29.09,6597.89,Month-to-month,Cash,Fiber Optic,4,15.2,44,1,0,1
CUST_1974,18,67,105.47,1828.05,Two year,Bank Transfer,Fiber Optic,2,88.44,2,1,0,0
CUST_1975,55,28,83.06,2019.45,One year,UPI,Fiber Optic,0,11.8,8,1,0,0
CUST_1976,32,3,94.72,5174.24,Month-to-month,UPI,Fiber Optic,3,10.48,7,1,1,1
CUST_1977,51,22,40.94,2281.08,Two year,Credit Card,Fiber Optic,5,94.1,35,1,1,0
CUST_1978,52,38,73.71,1817.84,One year,Cash,No,1,64.94,23,1,1,0
CUST_1979,66,62,93.72,2108.0,Two year,Credit Card,Fiber Optic,6,10.99,8,1,1,1
CUST_1980,42,57,82.73,3976.12,Month-to-month,UPI,Fiber Optic,2,97.2,21,0,1,0
CUST_1981,41,6,67.17,7732.19,Month-to-month,Credit Card,Fiber Optic,7,15.56,33,1,1,1
CUST_1982,29,32,115.98,6674.68,Two year,Cash,DSL,2,76.87,1,1,0,0
CUST_1983,35,10,87.62,2348.42,Month-to-month,Bank Transfer,DSL,3,4.45,12,0,0,1
CUST_1984,32,3,110.78,2970.65,Two year,UPI,DSL,5,62.83,11,0,0,1
CUST_1985,61,59,92.98,3769.65,Two year,Cash,Fiber Optic,6,55.12,30,1,1,0
CUST_1986,33,49,93.55,7833.54,Two year,Credit Card,Fiber Optic,7,21.59,4,1,1,0
CUST_1987,44,59,28.0,1461.88,Month-to-month,UPI,Fiber Optic,4,64.67,34,0,0,1
CUST_1988,25,31,55.95,2924.12,Month-to-month,Credit Card,DSL,6,62.09,23,0,0,1
CUST_1989,63,69,105.84,5862.47,Month-to-month,Credit Card,Fiber Optic,3,80.04,32,1,0,1
CUST_1990,42,62,43.26,7715.16,Two year,Bank Transfer,Fiber Optic,3,87.71,3,0,1,0
CUST_1991,34,52,31.55,1329.83,Month-to-month,Credit Card,DSL,4,51.5,28,1,0,1
CUST_1992,46,41,52.61,1896.3,One year,Credit Card,Fiber Optic,1,49.54,4,1,1,0
CUST_1993,25,31,42.04,1882.99,Month-to-month,Cash,Fiber Optic,4,62.54,12,1,0,1
CUST_1994,32,22,112.53,265.36,Month-to-month,Credit Card,DSL,3,73.19,24,1,0,1
CUST_1995,44,4,106.8,4872.51,Month-to-month,Bank Transfer,DSL,0,36.26,33,0,0,1
CUST_1996,63,13,69.97,5398.55,Month-to-month,Credit Card,Fiber Optic,4,50.96,3,0,1,1
CUST_1997,67,45,26.13,4859.95,Two year,Credit Card,Fiber Optic,7,58.93,4,0,0,0
CUST_1998,69,42,91.46,663.45,Month-to-month,Credit Card,No,1,98.85,30,0,0,1
CUST_1999,24,49,82.34,646.92,Two year,UPI,Fiber Optic,4,59.18,6,0,0,0
CUST_2000,20,20,117.06,1762.05,One year,Bank Transfer,Fiber Optic,4,23.19,30,1,1,1
CUST_2001,46,54,75.9,2393.33,One year,UPI,DSL,2,59.21,8,0,0,0
CUST_2002,61,36,53.64,6313.69,One year,Bank Transfer,Fiber Optic,2,82.13,18,1,0,0
CUST_2003,41,1,71.9,1359.18,Month-to-month,Bank Transfer,DSL,3,85.88,16,0,1,1
CUST_2004,20,15,117.93,448.33,Month-to-month,Cash,Fiber Optic,7,80.22,6,1,0,1
CUST_2005,37,17,89.64,3212.5,One year,UPI,DSL,3,88.93,24,1,1,0
CUST_2006,63,24,87.2,3389.5,Month-to-month,Bank Transfer,DSL,6,34.14,28,0,0,1
CUST_2007,32,58,44.07,3662.17,Month-to-month,Bank Transfer,DSL,7,51.25,32,0,0,1
CUST_2008,42,23,94.36,6632.54,Month-to-month,Cash,DSL,4,78.18,25,1,1,0
CUST_2009,47,46,95.03,874.24,One year,UPI,Fiber Optic,0,27.18,28,1,1,0
CUST_2010,31,8,51.73,5661.14,Month-to-month,Credit Card,DSL,5,37.79,21,1,0,1
CUST_2011,24,59,68.37,2769.77,Month-to-month,Cash,No,3,83.28,8,0,0,1
CUST_2012,34,59,49.46,2548.84,Month-to-month,Bank Transfer,Fiber Optic,4,77.24,36,1,0,0
CUST_2013,61,13,45.87,7467.09,Two year,UPI,Fiber Optic,4,97.15,9,1,0,0
CUST_2014,37,39,22.59,2062.9,Month-to-month,Bank Transfer,Fiber Optic,5,99.6,40,0,0,1
CUST_2015,53,28,48.52,5176.0,One year,Cash,Fiber Optic,4,24.83,21,1,0,0
CUST_2016,26,61,75.4,2273.51,One year,Cash,DSL,5,90.14,1,1,1,0
CUST_2017,55,16,20.16,4106.44,One year,UPI,No,5,10.36,4,1,0,0
CUST_2018,65,2,48.32,6311.71,Month-to-month,Cash,Fiber Optic,6,71.27,10,1,0,1
CUST_2019,39,17,108.14,7065.61,One year,Cash,DSL,4,22.79,26,1,1,1
CUST_2020,19,30,79.36,6725.71,Month-to-month,Credit Card,Fiber Optic,6,30.73,40,0,1,1
CUST_2021,41,13,80.79,4699.23,Month-to-month,Bank Transfer,Fiber Optic,4,94.69,3,1,0,1
CUST_2022,25,13,60.34,2065.65,One year,Credit Card,DSL,2,27.05,44,1,0,0
CUST_2023,28,43,87.65,5323.74,One year,Credit Card,No,5,67.64,9,1,1,0
CUST_2024,30,21,38.99,5708.25,One year,UPI,DSL,1,18.63,32,1,1,0
CUST_2025,34,55,101.87,184.47,Two year,Cash,Fiber Optic,5,10.25,3,0,0,1
CUST_2026,25,40,31.67,3569.76,Month-to-month,Bank Transfer,No,1,34.59,4,0,0,1
CUST_2027,38,15,85.6,6761.77,Two year,Bank Transfer,DSL,4,62.8,6,1,1,1
CUST_2028,35,52,54.11,3967.74,Month-to-month,Bank Transfer,DSL,3,25.55,9,1,0,0
CUST_2029,47,53,94.75,2559.87,One year,Cash,DSL,0,30.72,26,0,1,1
CUST_2030,35,52,74.98,6987.2,Month-to-month,Bank Transfer,DSL,6,71.16,2,1,0,1
CUST_2031,63,30,65.24,1331.46,Month-to-month,Bank Transfer,DSL,4,11.18,2,0,0,1
CUST_2032,64,33,36.94,1730.92,Month-to-month,Cash,Fiber Optic,0,45.24,21,0,0,0
CUST_2033,48,57,83.68,5530.24,Month-to-month,UPI,Fiber Optic,2,94.23,22,1,0,0
CUST_2034,55,52,117.48,2884.24,Month-to-month,Bank Transfer,Fiber Optic,1,40.3,3,0,0,1
CUST_2035,49,9,102.56,5732.83,Month-to-month,Cash,Fiber Optic,6,43.99,35,1,1,1
CUST_2036,28,54,26.0,1345.86,Month-to-month,Credit Card,Fiber Optic,2,74.08,38,0,1,1
CUST_2037,62,1,57.62,2092.93,One year,Cash,Fiber Optic,3,78.12,33,0,0,1
CUST_2038,42,44,112.56,1337.51,Month-to-month,Credit Card,DSL,3,77.19,15,1,1,0
CUST_2039,50,9,70.3,7627.99,Month-to-month,Cash,Fiber Optic,5,99.79,11,1,0,1
CUST_2040,55,32,86.21,3302.69,Month-to-month,Bank Transfer,DSL,6,8.07,10,1,0,1
CUST_2041,58,15,111.26,2764.04,Month-to-month,UPI,No,6,98.24,36,0,1,1
CUST_2042,25,12,107.38,212.2,Two year,UPI,Fiber Optic,6,95.07,14,1,0,0
CUST_2043,28,57,70.18,1312.0,Two year,Bank Transfer,Fiber Optic,4,85.36,2,0,0,0
CUST_2044,39,8,63.76,3426.97,Month-to-month,Credit Card,Fiber Optic,7,45.96,44,1,0,1
CUST_2045,68,27,53.97,641.17,One year,Cash,Fiber Optic,7,87.22,37,0,1,1
CUST_2046,41,62,91.9,4134.84,One year,Bank Transfer,DSL,5,22.86,29,1,0,1
CUST_2047,58,12,48.7,3694.62,Month-to-month,Cash,Fiber Optic,3,79.37,35,0,0,1
CUST_2048,34,65,44.99,6160.63,One year,Bank Transfer,Fiber Optic,3,19.34,20,1,0,0
CUST_2049,29,42,55.62,5312.44,Month-to-month,Bank Transfer,DSL,5,81.72,21,1,0,0
CUST_2050,63,62,37.72,3622.98,Month-to-month,Cash,No,2,61.84,34,0,1,0
CUST_2051,49,11,89.51,1874.82,Month-to-month,UPI,Fiber Optic,0,10.71,43,1,0,1
CUST_2052,32,43,81.62,5842.22,Month-to-month,UPI,DSL,1,89.64,33,0,0,1
CUST_2053,33,17,68.29,5692.11,One year,Credit Card,Fiber Optic,3,58.22,19,0,0,0
CUST_2054,39,32,59.03,1311.04,Month-to-month,Cash,Fiber Optic,5,65.97,8,1,0,0
CUST_2055,45,40,110.91,7326.54,Month-to-month,Credit Card,Fiber Optic,3,29.07,31,1,1,1
CUST_2056,37,23,22.91,608.8,Month-to-month,Bank Transfer,Fiber Optic,2,87.29,11,0,0,1
CUST_2057,50,56,96.91,534.8,One year,Credit Card,Fiber Optic,6,54.97,8,1,0,0
CUST_2058,27,6,110.19,1580.07,Two year,Bank Transfer,Fiber Optic,6,42.69,25,1,1,1
CUST_2059,57,50,64.64,7284.74,One year,Cash,DSL,7,53.89,20,0,0,0
CUST_2060,49,37,75.07,4207.99,Month-to-month,Cash,DSL,1,70.63,38,0,0,0
CUST_2061,67,64,114.45,6324.73,One year,Cash,DSL,7,69.81,7,1,1,0
CUST_2062,50,54,41.23,1899.96,Month-to-month,Cash,DSL,6,36.4,13,0,0,1
CUST_2063,19,49,72.01,3972.75,Month-to-month,Credit Card,DSL,6,39.14,39,1,1,1
CUST_2064,50,11,67.47,2930.49,Month-to-month,Bank Transfer,Fiber Optic,2,56.66,43,1,1,1
CUST_2065,50,49,45.84,6639.85,Month-to-month,UPI,Fiber Optic,7,92.52,10,1,1,1
CUST_2066,58,21,101.86,278.58,One year,Cash,DSL,0,74.8,8,0,0,0
CUST_2067,30,66,109.96,2026.36,Two year,Cash,DSL,2,39.65,42,1,0,0
CUST_2068,47,63,98.19,1305.34,One year,Bank Transfer,DSL,1,34.37,43,0,1,0
CUST_2069,50,28,39.54,6887.59,Month-to-month,UPI,Fiber Optic,6,52.84,20,1,1,1
CUST_2070,30,17,28.67,3793.6,Month-to-month,Cash,DSL,7,87.13,17,1,1,1
CUST_2071,69,6,80.54,3293.34,Month-to-month,UPI,Fiber Optic,1,1.86,11,0,1,1
CUST_2072,43,19,25.71,3650.91,One year,Cash,Fiber Optic,3,71.34,16,1,1,0
CUST_2073,39,56,87.28,7778.2,One year,Credit Card,Fiber Optic,0,30.16,37,1,0,0
CUST_2074,56,28,73.04,6817.11,Two year,Credit Card,Fiber Optic,4,21.63,42,1,0,0
CUST_2075,19,66,86.28,5680.31,Month-to-month,UPI,DSL,3,2.2,32,0,0,1
CUST_2076,55,38,79.02,2394.78,Two year,Bank Transfer,DSL,6,89.76,26,0,0,0
CUST_2077,56,37,62.27,1404.87,One year,Bank Transfer,DSL,5,91.31,37,1,0,0
CUST_2078,43,68,40.09,7379.33,Two year,Credit Card,DSL,2,7.08,9,0,0,0
CUST_2079,63,49,50.57,3442.3,One year,Bank Transfer,DSL,7,52.66,35,1,0,0
CUST_2080,67,43,72.45,2302.17,One year,Bank Transfer,Fiber Optic,7,16.1,3,0,1,0
CUST_2081,32,36,85.19,3820.27,One year,Bank Transfer,DSL,2,76.11,31,1,0,0
CUST_2082,51,58,97.95,7350.99,One year,UPI,No,1,66.87,42,0,0,0
CUST_2083,59,13,96.72,3157.83,Month-to-month,UPI,DSL,5,30.42,7,0,1,0
CUST_2084,61,52,117.27,4544.86,Month-to-month,Bank Transfer,Fiber Optic,1,12.58,2,1,1,1
CUST_2085,66,58,48.58,6443.43,Month-to-month,Credit Card,Fiber Optic,5,83.29,25,0,0,1
CUST_2086,57,32,27.11,3474.35,Month-to-month,Bank Transfer,DSL,1,67.75,40,1,0,1
CUST_2087,28,60,54.57,1944.98,One year,Cash,DSL,4,1.68,12,0,0,1
CUST_2088,20,58,94.33,7956.75,Month-to-month,Credit Card,Fiber Optic,4,63.16,30,0,0,1
CUST_2089,23,56,63.81,7656.91,Month-to-month,UPI,No,3,81.22,30,0,0,0
CUST_2090,26,28,101.78,6763.49,Month-to-month,Cash,Fiber Optic,4,59.49,29,0,1,1
CUST_2091,23,1,74.93,5538.15,One year,Bank Transfer,DSL,5,43.05,41,1,1,1
CUST_2092,26,42,112.98,2429.44,Month-to-month,Bank Transfer,Fiber Optic,1,58.81,11,0,1,1
CUST_2093,56,48,114.79,7315.96,Month-to-month,Credit Card,DSL,5,62.35,23,1,0,0
CUST_2094,48,40,26.93,2276.9,Month-to-month,Credit Card,No,3,64.36,17,0,0,1
CUST_2095,49,63,65.64,6426.4,Month-to-month,Bank Transfer,Fiber Optic,3,96.74,13,1,0,0
CUST_2096,58,4,80.97,7354.24,Two year,Bank Transfer,DSL,6,18.69,33,1,0,1
CUST_2097,67,38,45.59,4863.73,Month-to-month,Credit Card,DSL,0,62.69,1,1,1,0
CUST_2098,29,27,60.71,6444.14,One year,Cash,DSL,4,19.61,40,1,1,0
CUST_2099,25,9,87.77,6354.39,One year,UPI,Fiber Optic,2,21.79,13,1,0,0
CUST_2100,25,16,42.67,1625.95,Two year,Credit Card,No,2,67.26,38,1,1,0
CUST_2101,67,56,80.2,5376.6,Month-to-month,Cash,DSL,0,91.68,3,0,1,0
CUST_2102,45,31,89.74,838.4,Month-to-month,Bank Transfer,Fiber Optic,1,16.75,16,1,0,1
CUST_2103,37,14,29.05,4112.02,Month-to-month,UPI,No,0,96.28,42,1,0,0
CUST_2104,64,25,69.75,1381.66,Month-to-month,Cash,DSL,1,32.62,7,0,0,1
CUST_2105,24,34,46.31,3389.16,One year,UPI,DSL,7,39.74,3,1,0,0
CUST_2106,28,67,92.44,6680.56,Month-to-month,UPI,DSL,4,16.21,14,1,0,1
CUST_2107,37,24,38.96,7898.63,Month-to-month,UPI,DSL,4,61.97,16,1,0,0
CUST_2108,33,26,109.22,2611.88,Two year,Cash,DSL,3,60.05,4,1,1,0
CUST_2109,21,20,63.09,4302.45,One year,Cash,No,3,44.78,31,1,0,0
CUST_2110,23,64,39.8,4139.25,Month-to-month,Bank Transfer,Fiber Optic,3,48.13,13,1,0,0
CUST_2111,39,10,63.8,7639.77,Month-to-month,UPI,DSL,7,62.67,27,0,1,1
CUST_2112,43,67,60.87,3880.81,Month-to-month,Credit Card,Fiber Optic,3,58.77,1,0,1,0
CUST_2113,20,24,62.89,5622.94,Two year,Credit Card,Fiber Optic,2,38.05,25,0,0,0
CUST_2114,58,5,78.56,7382.13,Two year,Credit Card,Fiber Optic,6,88.53,37,0,0,0
CUST_2115,59,67,72.12,3049.69,Two year,Cash,DSL,3,67.1,44,0,1,0
CUST_2116,31,58,34.98,7226.77,Two year,Bank Transfer,DSL,7,21.34,11,1,1,0
CUST_2117,28,27,26.56,7347.9,Month-to-month,Cash,Fiber Optic,3,32.67,9,0,1,0
CUST_2118,35,15,92.94,7452.23,Month-to-month,UPI,DSL,3,79.0,7,1,0,0
CUST_2119,29,35,75.97,2236.52,Month-to-month,Credit Card,DSL,1,11.35,14,1,1,1
CUST_2120,40,53,55.9,3262.81,One year,Cash,Fiber Optic,5,75.27,30,1,0,1
CUST_2121,29,44,100.84,6976.13,Two year,Credit Card,DSL,3,36.53,24,1,1,0
CUST_2122,30,26,58.81,2937.38,Month-to-month,Cash,No,7,55.62,3,0,0,1
CUST_2123,42,47,99.6,4842.0,Month-to-month,Credit Card,Fiber Optic,0,28.78,39,0,0,1
CUST_2124,62,34,50.58,1032.63,Two year,UPI,DSL,3,98.66,27,1,0,0
CUST_2125,68,50,27.28,544.57,Month-to-month,Credit Card,DSL,3,90.68,1,1,0,0
CUST_2126,36,12,113.26,3354.75,Two year,UPI,Fiber Optic,2,92.92,38,1,0,0
CUST_2127,63,4,59.46,4673.44,Month-to-month,UPI,Fiber Optic,5,19.29,26,1,0,1
CUST_2128,53,48,99.27,3202.32,Month-to-month,Cash,Fiber Optic,3,84.33,6,0,0,1
CUST_2129,62,55,47.91,4664.11,Month-to-month,Cash,Fiber Optic,5,54.0,42,0,0,0
CUST_2130,25,1,84.64,4169.17,One year,Cash,Fiber Optic,1,71.08,12,1,1,0
CUST_2131,46,66,107.33,5517.09,One year,UPI,No,4,22.53,38,0,0,0
CUST_2132,49,30,24.16,5231.31,Month-to-month,Bank Transfer,Fiber Optic,5,71.49,35,1,1,1
CUST_2133,68,3,103.06,3451.54,Two year,Bank Transfer,Fiber Optic,5,91.51,10,1,1,1
CUST_2134,61,21,77.13,3457.46,One year,UPI,Fiber Optic,3,27.48,9,0,0,0
CUST_2135,35,49,80.75,1212.15,One year,UPI,Fiber Optic,6,24.1,23,1,0,0
CUST_2136,23,62,72.32,4154.58,Month-to-month,Cash,Fiber Optic,3,11.34,30,1,1,1
CUST_2137,35,38,107.45,4738.72,Two year,Cash,Fiber Optic,3,27.41,22,1,0,0
CUST_2138,36,15,24.34,3864.27,Month-to-month,Cash,Fiber Optic,2,54.04,9,0,0,1
CUST_2139,39,52,46.1,2673.09,Month-to-month,Bank Transfer,Fiber Optic,6,83.44,19,1,0,1
CUST_2140,54,46,107.58,5801.02,Month-to-month,Bank Transfer,DSL,4,28.6,8,0,0,1
CUST_2141,49,25,95.23,689.83,Month-to-month,UPI,Fiber Optic,2,62.49,4,1,0,0
CUST_2142,58,21,21.76,7324.08,Two year,Bank Transfer,DSL,7,48.48,5,0,1,0
CUST_2143,20,5,71.7,263.08,Month-to-month,Cash,DSL,2,29.57,19,0,1,1
CUST_2144,45,70,72.96,7702.57,Month-to-month,Cash,No,2,51.53,18,0,1,0
CUST_2145,27,47,60.09,3752.61,Two year,Cash,DSL,6,17.63,29,0,0,0
CUST_2146,68,68,49.74,3360.09,One year,Cash,DSL,1,64.32,19,0,1,0
CUST_2147,52,18,88.17,2125.91,One year,Cash,DSL,4,12.45,6,0,1,1
CUST_2148,46,21,40.78,179.56,Month-to-month,Credit Card,DSL,1,73.37,5,1,1,0
CUST_2149,32,23,99.89,2270.84,One year,UPI,Fiber Optic,1,18.59,43,0,0,1
CUST_2150,50,64,100.3,964.26,Month-to-month,UPI,DSL,4,99.82,5,1,0,1
CUST_2151,24,67,61.53,5312.58,Two year,Bank Transfer,DSL,1,82.54,8,1,1,0
CUST_2152,29,40,48.35,2620.69,One year,Cash,DSL,6,35.04,27,1,0,1
CUST_2153,66,10,48.39,6160.72,One year,Credit Card,DSL,4,43.19,37,1,1,0
CUST_2154,47,52,68.23,1734.64,Month-to-month,Cash,DSL,5,26.66,43,0,0,1
CUST_2155,38,61,91.96,7211.86,Month-to-month,Cash,Fiber Optic,7,76.94,38,1,1,0
CUST_2156,48,64,55.89,4231.55,Month-to-month,Bank Transfer,DSL,5,38.69,37,1,0,1
CUST_2157,41,5,81.0,1004.6,Month-to-month,Credit Card,DSL,3,75.76,18,1,0,1
CUST_2158,37,53,58.25,3266.68,Month-to-month,Credit Card,No,2,2.82,26,0,0,0
CUST_2159,54,55,50.45,1733.41,One year,UPI,No,7,14.43,42,1,1,1
CUST_2160,21,37,22.49,1677.51,Month-to-month,Cash,DSL,5,37.13,16,0,1,1
CUST_2161,45,56,20.39,4100.32,One year,Credit Card,DSL,5,11.78,22,1,0,0
CUST_2162,61,59,42.72,5407.95,Month-to-month,UPI,Fiber Optic,1,60.51,23,0,0,0
CUST_2163,37,69,60.64,7301.78,Month-to-month,Credit Card,Fiber Optic,4,6.03,3,1,0,1
CUST_2164,41,59,105.13,4067.08,One year,Cash,No,0,86.12,3,1,0,0
CUST_2165,67,2,99.85,7730.13,One year,UPI,Fiber Optic,1,76.37,12,1,1,0
CUST_2166,66,65,46.72,7538.92,Month-to-month,Credit Card,Fiber Optic,1,22.41,23,0,0,0
CUST_2167,68,60,44.45,6933.99,Month-to-month,Bank Transfer,No,6,48.9,11,1,0,0
CUST_2168,49,51,42.73,4049.82,One year,Credit Card,Fiber Optic,4,45.73,42,0,1,1
CUST_2169,58,30,53.92,1213.14,Month-to-month,Cash,DSL,0,72.76,29,1,0,0
CUST_2170,53,11,69.82,1821.45,Month-to-month,Bank Transfer,Fiber Optic,0,40.75,6,1,0,0
CUST_2171,51,39,63.87,5216.59,One year,Credit Card,DSL,3,4.26,16,0,0,0
CUST_2172,53,63,41.83,3431.86,Month-to-month,Credit Card,DSL,1,28.1,34,1,0,0
CUST_2173,19,64,33.05,1259.73,Month-to-month,UPI,Fiber Optic,6,47.15,37,0,0,1
CUST_2174,32,61,21.26,3884.05,Two year,Cash,DSL,2,97.47,11,0,0,0
CUST_2175,51,54,35.4,237.7,One year,Credit Card,DSL,5,88.23,11,1,0,0
CUST_2176,53,58,90.54,5897.77,Month-to-month,Credit Card,No,1,18.96,25,1,1,1
CUST_2177,23,56,44.36,681.29,Month-to-month,Credit Card,Fiber Optic,2,72.6,19,1,1,0
CUST_2178,56,34,66.86,5070.0,Month-to-month,Cash,DSL,7,93.75,32,1,1,1
CUST_2179,59,31,79.13,6364.78,Two year,Bank Transfer,DSL,2,1.87,8,1,0,0
CUST_2180,68,52,108.68,1147.89,One year,Cash,DSL,7,72.37,12,1,0,0
CUST_2181,68,1,108.89,4197.25,Month-to-month,UPI,DSL,7,46.47,41,0,0,1
CUST_2182,29,55,94.57,6254.63,Month-to-month,UPI,Fiber Optic,4,68.34,35,1,1,1
CUST_2183,20,22,23.52,2159.0,Month-to-month,Cash,DSL,1,60.95,6,0,0,0
CUST_2184,62,40,77.51,1387.04,Month-to-month,Credit Card,Fiber Optic,4,98.48,21,1,0,0
CUST_2185,35,1,98.66,2760.87,One year,Credit Card,DSL,3,29.59,26,0,0,1
CUST_2186,57,65,21.73,4482.12,Month-to-month,Bank Transfer,No,2,78.83,1,1,0,0
CUST_2187,38,63,74.97,4644.71,Month-to-month,Cash,Fiber Optic,0,24.23,17,1,0,0
CUST_2188,32,54,105.78,1133.92,Month-to-month,Cash,No,2,44.13,35,1,0,1
CUST_2189,50,42,67.41,3714.79,Month-to-month,Credit Card,Fiber Optic,3,97.56,27,0,1,0
CUST_2190,52,21,20.41,2219.43,Month-to-month,UPI,Fiber Optic,2,76.85,2,0,0,0
CUST_2191,43,22,21.1,6751.99,One year,UPI,No,4,32.27,36,0,0,0
CUST_2192,25,38,61.66,2577.24,One year,Bank Transfer,Fiber Optic,7,62.32,1,1,1,0
CUST_2193,53,8,35.5,6725.77,Two year,Bank Transfer,DSL,1,5.92,10,1,0,0
CUST_2194,65,62,86.45,3485.66,Two year,UPI,DSL,0,27.37,31,0,0,0
CUST_2195,47,47,90.88,5840.03,One year,Cash,DSL,4,72.12,37,0,0,1
CUST_2196,40,17,37.79,4129.48,One year,Bank Transfer,DSL,5,57.44,5,0,0,0
CUST_2197,59,17,108.85,5013.5,Two year,Credit Card,Fiber Optic,7,47.5,41,1,1,0
CUST_2198,61,13,64.19,3223.32,Month-to-month,Cash,Fiber Optic,1,69.4,13,0,0,1
CUST_2199,31,17,34.28,6168.83,Month-to-month,Credit Card,Fiber Optic,0,40.45,24,1,0,0
CUST_2200,31,38,96.43,3459.0,Month-to-month,Bank Transfer,DSL,3,3.59,27,0,0,1
CUST_2201,19,45,99.0,3713.95,One year,UPI,DSL,2,44.66,1,1,1,0
CUST_2202,54,6,83.93,4189.66,One year,Bank Transfer,DSL,0,90.31,20,1,0,1
CUST_2203,22,35,105.35,6671.41,Month-to-month,UPI,Fiber Optic,6,85.8,8,0,1,1
CUST_2204,55,14,93.74,5309.09,Month-to-month,Cash,Fiber Optic,5,41.49,3,1,1,1
CUST_2205,62,61,108.22,2858.37,Month-to-month,Bank Transfer,DSL,3,3.2,32,0,0,1
CUST_2206,58,15,63.39,5395.53,Month-to-month,Bank Transfer,Fiber Optic,1,63.99,44,1,0,1
CUST_2207,64,54,94.76,5175.17,Month-to-month,Bank Transfer,Fiber Optic,6,74.38,25,1,0,0
CUST_2208,31,27,119.98,7455.05,Month-to-month,Cash,No,0,30.13,25,0,0,1
CUST_2209,56,13,92.49,6747.19,Month-to-month,Credit Card,DSL,3,48.19,14,1,0,1
CUST_2210,42,31,31.42,5214.83,Two year,Credit Card,Fiber Optic,1,99.19,43,1,0,0
CUST_2211,37,35,71.83,2797.91,Two year,UPI,DSL,6,58.06,27,1,0,0
CUST_2212,19,60,78.73,6258.65,Two year,Bank Transfer,DSL,6,35.76,32,0,1,1
CUST_2213,56,6,37.42,4644.15,One year,Credit Card,Fiber Optic,4,63.12,27,0,1,0
CUST_2214,23,69,116.29,7883.63,One year,Cash,Fiber Optic,2,18.82,4,0,1,1
CUST_2215,34,58,37.56,2055.3,One year,Bank Transfer,DSL,3,20.73,39,1,0,0
CUST_2216,42,49,37.76,729.28,One year,UPI,DSL,6,92.57,11,1,1,0
CUST_2217,45,23,111.52,652.15,One year,Credit Card,Fiber Optic,4,24.68,3,1,0,0
CUST_2218,19,34,66.52,5156.24,Month-to-month,Cash,Fiber Optic,5,31.77,25,0,0,0
CUST_2219,52,26,26.32,7520.16,Month-to-month,Cash,Fiber Optic,7,54.83,24,1,0,1
CUST_2220,54,47,79.82,115.26,One year,UPI,Fiber Optic,5,90.07,9,1,0,0
CUST_2221,22,5,80.18,5833.59,Month-to-month,Credit Card,Fiber Optic,1,78.36,8,1,0,1
CUST_2222,18,20,26.45,5290.81,Month-to-month,Bank Transfer,Fiber Optic,6,5.33,39,0,1,1
CUST_2223,57,6,117.25,5885.2,Month-to-month,Cash,Fiber Optic,6,69.61,31,0,0,1
CUST_2224,29,70,74.4,2907.7,Month-to-month,UPI,Fiber Optic,0,50.9,17,0,0,1
CUST_2225,53,59,75.98,6581.92,Two year,Cash,Fiber Optic,6,48.08,43,0,0,1
CUST_2226,62,64,72.01,453.18,Month-to-month,Cash,DSL,2,69.46,31,1,1,0
CUST_2227,40,18,81.07,6067.91,Month-to-month,Credit Card,DSL,1,20.43,4,1,1,1
CUST_2228,64,4,46.43,2209.87,Month-to-month,Credit Card,No,3,98.17,4,1,1,1
CUST_2229,48,17,48.72,3867.02,Two year,Bank Transfer,DSL,6,64.89,37,0,0,0
CUST_2230,28,14,71.13,6598.83,One year,Cash,Fiber Optic,7,37.2,8,1,1,0
CUST_2231,27,13,100.67,2243.74,One year,UPI,Fiber Optic,2,60.42,42,1,0,0
CUST_2232,20,7,24.99,1563.14,Two year,Cash,Fiber Optic,6,22.43,6,0,1,0
CUST_2233,31,44,80.34,5482.37,Month-to-month,UPI,Fiber Optic,4,63.75,9,1,1,1
CUST_2234,33,15,100.68,4313.82,Month-to-month,Cash,DSL,2,3.79,42,1,0,1
CUST_2235,27,19,35.69,4163.79,Month-to-month,UPI,Fiber Optic,4,34.78,8,1,1,0
CUST_2236,46,63,21.5,2128.48,One year,Cash,DSL,1,75.0,32,0,0,0
CUST_2237,27,35,51.27,375.55,One year,Cash,No,7,80.99,15,1,0,0
CUST_2238,29,35,78.81,3341.13,Month-to-month,Bank Transfer,Fiber Optic,6,26.04,18,1,1,0
CUST_2239,47,19,33.83,941.82,Month-to-month,Credit Card,Fiber Optic,0,54.4,23,1,0,0
CUST_2240,58,20,62.61,7257.31,Month-to-month,Credit Card,Fiber Optic,5,53.32,5,1,1,0
CUST_2241,18,35,75.23,425.88,One year,UPI,DSL,2,42.72,27,0,0,0
CUST_2242,22,32,79.89,3510.04,Month-to-month,Cash,DSL,0,23.61,33,1,1,1
CUST_2243,37,48,47.44,512.74,Month-to-month,Cash,DSL,0,70.62,2,1,1,0
CUST_2244,25,44,60.0,854.8,Month-to-month,Credit Card,Fiber Optic,5,25.98,42,1,1,1
CUST_2245,60,24,97.83,5305.05,One year,UPI,Fiber Optic,2,91.19,38,0,0,1
CUST_2246,29,61,114.12,5212.18,One year,Bank Transfer,Fiber Optic,6,53.32,28,1,0,1
CUST_2247,18,17,106.19,361.11,Month-to-month,Bank Transfer,Fiber Optic,7,87.18,24,1,1,1
CUST_2248,37,71,76.43,108.94,One year,Bank Transfer,No,2,29.78,21,1,0,0
CUST_2249,45,50,61.03,722.66,Month-to-month,Cash,DSL,0,80.9,31,1,0,0
CUST_2250,60,65,53.3,6127.69,Two year,UPI,Fiber Optic,3,12.25,11,1,0,0
CUST_2251,54,32,32.5,4718.15,Month-to-month,Credit Card,DSL,3,76.92,28,1,1,1
CUST_2252,64,36,30.66,401.13,One year,Cash,Fiber Optic,2,39.31,40,1,1,0
CUST_2253,54,13,88.84,3955.97,Month-to-month,Cash,DSL,7,47.53,4,0,0,1
CUST_2254,29,70,45.98,5725.03,Month-to-month,Bank Transfer,Fiber Optic,0,17.51,43,0,1,1
CUST_2255,54,58,45.47,6964.72,One year,UPI,DSL,0,2.84,42,1,0,1
CUST_2256,66,14,119.82,7478.89,Month-to-month,UPI,DSL,1,66.95,16,1,1,0
CUST_2257,66,37,38.79,2686.78,Month-to-month,Bank Transfer,Fiber Optic,0,59.18,12,1,0,0
CUST_2258,61,68,34.81,1173.08,Month-to-month,Bank Transfer,DSL,5,62.62,22,0,0,0
CUST_2259,45,40,29.87,1971.71,Month-to-month,Bank Transfer,Fiber Optic,3,26.25,35,0,0,1
CUST_2260,64,59,77.98,6231.75,Month-to-month,Cash,Fiber Optic,1,24.69,43,1,0,0
CUST_2261,32,16,82.79,7774.73,Month-to-month,Cash,Fiber Optic,6,83.2,16,1,0,1
CUST_2262,23,62,56.52,3784.51,One year,Cash,Fiber Optic,5,76.36,24,1,1,0
CUST_2263,61,4,73.54,2512.29,One year,Credit Card,Fiber Optic,6,34.34,35,1,1,1
CUST_2264,37,45,98.84,3490.61,Month-to-month,Credit Card,DSL,3,64.14,28,0,1,1
CUST_2265,67,28,101.81,2508.02,One year,UPI,DSL,5,82.99,42,1,0,1
CUST_2266,31,66,115.79,2126.25,Two year,Bank Transfer,Fiber Optic,4,88.99,29,1,0,1
CUST_2267,19,31,102.43,4790.63,Month-to-month,Bank Transfer,Fiber Optic,2,1.57,21,1,1,1
CUST_2268,26,3,76.48,224.31,Month-to-month,Cash,No,7,81.53,25,0,0,1
CUST_2269,54,8,37.97,2150.46,One year,Credit Card,Fiber Optic,4,35.69,39,0,0,0
CUST_2270,37,24,29.98,5324.92,One year,Bank Transfer,Fiber Optic,2,72.12,31,1,0,0
CUST_2271,43,15,25.45,353.3,Month-to-month,UPI,No,3,37.77,15,0,0,0
CUST_2272,46,43,86.65,757.29,Month-to-month,Bank Transfer,Fiber Optic,3,61.02,42,0,0,0
CUST_2273,18,31,100.75,2417.83,Month-to-month,Cash,Fiber Optic,4,65.03,35,0,1,1
CUST_2274,52,45,70.87,7034.66,Two year,Cash,Fiber Optic,7,41.09,38,1,0,0
CUST_2275,23,66,25.47,6142.6,Month-to-month,Credit Card,Fiber Optic,5,51.77,22,0,1,0
CUST_2276,54,8,73.55,275.04,Two year,UPI,Fiber Optic,7,72.91,5,1,1,0
CUST_2277,22,71,113.57,4063.53,Month-to-month,UPI,DSL,6,48.15,13,1,0,1
CUST_2278,50,57,79.76,2270.03,Month-to-month,Bank Transfer,Fiber Optic,2,2.38,32,1,0,0
CUST_2279,66,30,100.94,5224.3,Month-to-month,UPI,DSL,2,2.28,3,1,0,1
CUST_2280,68,18,100.02,5800.28,One year,Bank Transfer,DSL,1,66.47,15,0,0,0
CUST_2281,31,69,113.21,6916.61,Month-to-month,Bank Transfer,Fiber Optic,0,84.88,27,0,1,1
CUST_2282,29,39,97.02,3855.79,Month-to-month,Credit Card,DSL,5,78.74,27,0,1,1
CUST_2283,59,60,94.77,7956.16,Two year,UPI,Fiber Optic,5,31.73,30,1,0,0
CUST_2284,37,43,43.41,7841.89,Two year,Cash,No,1,47.64,6,1,0,0
CUST_2285,67,45,25.99,7069.12,Month-to-month,Bank Transfer,No,3,24.18,25,1,1,0
CUST_2286,41,23,71.76,4641.47,Month-to-month,Bank Transfer,Fiber Optic,4,98.93,28,1,0,0
CUST_2287,60,69,32.44,3244.25,One year,Bank Transfer,Fiber Optic,7,26.79,22,1,1,0
CUST_2288,51,6,116.22,2978.65,One year,UPI,Fiber Optic,5,42.21,4,1,0,1
CUST_2289,42,56,48.99,195.79,Month-to-month,UPI,Fiber Optic,2,68.43,15,1,0,0
CUST_2290,67,4,105.29,2068.48,Two year,UPI,DSL,1,87.73,26,0,0,1
CUST_2291,46,23,58.76,5778.59,Month-to-month,Bank Transfer,DSL,4,6.1,18,1,1,1
CUST_2292,56,6,52.32,4868.69,One year,Cash,Fiber Optic,6,30.8,9,1,0,0
CUST_2293,48,32,113.52,7339.74,Month-to-month,Cash,DSL,4,57.33,4,1,0,0
CUST_2294,64,18,56.33,495.18,One year,UPI,DSL,5,62.21,5,1,0,0
CUST_2295,60,15,59.03,1326.69,Month-to-month,Cash,Fiber Optic,0,7.93,6,0,0,1
CUST_2296,67,40,30.61,6335.03,One year,Bank Transfer,DSL,7,66.74,12,0,1,0
CUST_2297,40,6,87.04,2932.21,Two year,UPI,DSL,2,53.28,31,0,0,0
CUST_2298,61,63,48.88,1034.93,Month-to-month,UPI,DSL,4,82.94,9,0,0,1
CUST_2299,55,67,78.56,7971.96,Month-to-month,Bank Transfer,Fiber Optic,6,23.0,7,1,1,1
CUST_2300,37,11,79.14,6319.28,Month-to-month,UPI,Fiber Optic,2,20.31,29,0,0,1
CUST_2301,40,43,91.92,3329.05,Two year,Bank Transfer,Fiber Optic,5,79.54,14,1,0,0
CUST_2302,62,17,94.52,6604.45,Two year,UPI,DSL,1,70.68,20,0,0,0
CUST_2303,69,4,71.45,5476.77,One year,Cash,Fiber Optic,6,79.38,32,0,1,1
CUST_2304,33,63,53.1,6340.8,Month-to-month,UPI,Fiber Optic,4,78.41,22,0,1,1
CUST_2305,67,68,103.75,6540.13,Two year,UPI,Fiber Optic,6,11.3,36,1,1,1
CUST_2306,59,41,50.99,769.36,Month-to-month,UPI,Fiber Optic,5,28.58,44,1,1,1
CUST_2307,25,5,70.75,5021.49,Month-to-month,Credit Card,Fiber Optic,4,26.75,18,1,1,1
CUST_2308,67,32,60.13,153.61,Month-to-month,Cash,Fiber Optic,6,93.52,40,1,0,1
CUST_2309,38,70,105.51,443.3,Month-to-month,Bank Transfer,Fiber Optic,1,49.26,25,1,1,0
CUST_2310,18,35,63.19,7241.44,Two year,Credit Card,DSL,6,11.99,31,1,0,0
CUST_2311,25,22,58.61,4267.75,One year,Cash,Fiber Optic,2,29.67,35,0,1,0
CUST_2312,46,65,88.98,5913.63,Month-to-month,UPI,Fiber Optic,2,87.32,26,0,1,1
CUST_2313,49,22,80.24,6724.16,Month-to-month,UPI,Fiber Optic,4,84.86,4,0,1,0
CUST_2314,55,11,30.72,7601.74,Month-to-month,Bank Transfer,Fiber Optic,5,90.13,42,0,0,1
CUST_2315,22,3,70.82,6967.89,One year,Bank Transfer,No,1,39.46,20,0,0,0
CUST_2316,64,9,93.55,3918.16,Month-to-month,Cash,Fiber Optic,3,64.49,34,0,0,1
CUST_2317,39,60,119.21,2754.17,Month-to-month,Cash,Fiber Optic,2,28.54,12,1,0,1
CUST_2318,64,14,82.91,1320.5,One year,Bank Transfer,Fiber Optic,6,18.9,16,1,1,1
CUST_2319,51,18,57.03,3262.54,Two year,Cash,DSL,3,3.17,42,0,0,0
CUST_2320,18,23,42.62,2995.3,Two year,Bank Transfer,Fiber Optic,6,23.12,5,1,0,0
CUST_2321,43,47,107.28,4520.64,Two year,UPI,Fiber Optic,4,60.83,44,1,0,1
CUST_2322,60,69,101.46,5357.52,One year,Bank Transfer,DSL,3,90.52,35,0,1,0
CUST_2323,27,47,43.39,7828.77,Month-to-month,Credit Card,DSL,5,14.21,44,1,1,1
CUST_2324,47,30,40.06,5854.25,Two year,Bank Transfer,DSL,6,91.88,27,0,0,0
CUST_2325,67,25,91.51,5185.61,Month-to-month,Bank Transfer,DSL,5,35.19,1,0,0,1
CUST_2326,35,28,51.5,2747.23,One year,Credit Card,DSL,6,43.26,34,1,0,0
CUST_2327,34,25,50.64,372.58,Month-to-month,Credit Card,DSL,3,37.13,43,0,0,1
CUST_2328,43,58,35.23,2376.19,Two year,Credit Card,Fiber Optic,5,41.45,32,0,0,1
CUST_2329,25,41,46.4,6170.74,Month-to-month,Credit Card,DSL,2,26.66,44,1,1,0
CUST_2330,64,25,62.75,1721.65,Month-to-month,Bank Transfer,Fiber Optic,4,70.16,39,1,0,0
CUST_2331,57,48,93.28,5726.29,One year,Cash,Fiber Optic,3,76.06,33,1,0,0
CUST_2332,66,10,53.63,4680.26,Month-to-month,Credit Card,DSL,6,82.49,31,1,1,1
CUST_2333,29,11,52.86,1457.67,Two year,UPI,Fiber Optic,2,34.79,13,1,0,0
CUST_2334,44,21,48.49,2166.84,Month-to-month,Bank Transfer,Fiber Optic,6,76.7,2,1,0,1
CUST_2335,25,45,67.83,4020.8,One year,Cash,DSL,3,64.13,30,0,0,0
CUST_2336,42,7,38.06,3405.16,Two year,UPI,DSL,6,95.83,10,1,0,1
CUST_2337,63,64,68.56,6250.65,One year,Bank Transfer,DSL,2,43.05,23,1,0,0
CUST_2338,21,64,90.42,5901.8,Month-to-month,Bank Transfer,DSL,5,99.24,33,0,1,1
CUST_2339,50,2,22.98,4639.14,Month-to-month,UPI,DSL,5,74.3,39,1,1,0
CUST_2340,18,42,20.98,6595.97,Month-to-month,Credit Card,DSL,7,77.85,29,1,0,1
CUST_2341,36,54,27.51,4545.09,Two year,Credit Card,DSL,7,3.54,30,0,0,0
CUST_2342,48,16,73.57,7718.68,One year,UPI,Fiber Optic,4,50.24,34,0,1,1
CUST_2343,33,18,105.45,1816.07,Two year,Cash,DSL,6,53.31,39,0,0,0
CUST_2344,31,59,20.49,5741.64,Month-to-month,Credit Card,Fiber Optic,5,5.02,17,1,0,1
CUST_2345,65,16,113.67,3022.56,Month-to-month,Bank Transfer,DSL,1,31.9,22,0,0,1
CUST_2346,22,6,30.63,2303.83,Month-to-month,Bank Transfer,Fiber Optic,2,95.61,5,0,1,1
CUST_2347,58,57,104.2,1525.06,One year,Cash,DSL,2,43.19,11,0,1,1
CUST_2348,43,47,68.29,4464.78,Month-to-month,Bank Transfer,Fiber Optic,3,19.48,22,1,1,1
CUST_2349,45,48,85.94,1802.21,Month-to-month,Credit Card,DSL,4,51.82,32,1,1,1
CUST_2350,19,42,71.07,1682.77,One year,Cash,Fiber Optic,0,4.34,24,1,0,0
CUST_2351,67,60,67.7,7925.2,Month-to-month,Credit Card,DSL,7,52.08,11,0,1,1
CUST_2352,23,4,103.49,6433.8,One year,Cash,Fiber Optic,7,59.83,11,1,0,0
CUST_2353,26,2,95.59,6011.39,Month-to-month,UPI,DSL,5,36.41,17,1,1,1
CUST_2354,50,59,68.34,6373.08,Month-to-month,Bank Transfer,Fiber Optic,7,76.5,32,1,1,1
CUST_2355,58,27,31.16,7754.49,Month-to-month,Cash,DSL,0,14.44,19,1,1,0
CUST_2356,42,27,31.54,4628.89,Two year,UPI,Fiber Optic,1,87.94,27,0,1,0
CUST_2357,65,7,100.15,1839.93,Month-to-month,Credit Card,DSL,4,95.59,32,0,0,1
CUST_2358,30,63,72.94,6911.46,Month-to-month,UPI,DSL,2,1.12,25,0,1,1
CUST_2359,26,46,68.16,5967.57,Month-to-month,Credit Card,Fiber Optic,0,84.43,28,1,1,1
CUST_2360,30,63,88.06,3373.04,Month-to-month,Cash,No,1,51.1,40,1,0,0
CUST_2361,48,12,105.88,3841.2,Two year,Cash,Fiber Optic,4,46.68,27,1,1,1
CUST_2362,58,13,82.89,3348.89,Month-to-month,Bank Transfer,Fiber Optic,1,24.63,14,1,1,1
CUST_2363,28,43,96.28,7446.54,Two year,Bank Transfer,Fiber Optic,5,45.29,42,1,0,1
CUST_2364,21,17,96.53,2813.9,Month-to-month,Cash,Fiber Optic,7,95.09,39,0,0,1
CUST_2365,51,63,55.63,7711.53,Two year,Credit Card,DSL,0,21.87,2,0,0,0
CUST_2366,55,36,47.41,7291.15,One year,Credit Card,DSL,3,18.73,17,1,0,1
CUST_2367,63,8,100.12,5081.12,One year,Cash,No,3,24.95,1,1,0,0
CUST_2368,21,69,57.72,4680.59,One year,Credit Card,Fiber Optic,4,55.63,32,1,0,1
CUST_2369,55,36,110.33,3023.71,Month-to-month,Cash,Fiber Optic,1,93.1,19,1,0,1
CUST_2370,36,28,26.97,244.87,One year,Bank Transfer,Fiber Optic,2,57.81,14,0,0,0
CUST_2371,23,47,25.82,1108.22,Month-to-month,Credit Card,Fiber Optic,0,25.1,31,0,1,0
CUST_2372,51,30,112.7,6058.43,Month-to-month,Bank Transfer,Fiber Optic,3,44.6,18,1,0,0
CUST_2373,35,23,84.85,3825.17,One year,UPI,Fiber Optic,3,39.65,14,1,1,0
CUST_2374,30,16,57.96,1283.72,Month-to-month,Bank Transfer,DSL,1,5.61,14,1,0,1
CUST_2375,58,14,95.51,2185.29,Two year,UPI,Fiber Optic,3,51.55,24,1,0,0
CUST_2376,40,71,87.23,7587.91,Month-to-month,Bank Transfer,Fiber Optic,6,13.47,5,0,0,0
CUST_2377,36,52,73.12,3000.35,Month-to-month,Bank Transfer,No,7,84.38,16,0,1,0
CUST_2378,62,37,29.89,7270.69,Two year,Credit Card,Fiber Optic,1,55.35,5,1,0,0
CUST_2379,28,29,101.22,2506.62,One year,Bank Transfer,Fiber Optic,0,84.62,13,0,0,0
CUST_2380,18,67,106.6,4391.44,One year,Cash,DSL,1,95.65,16,1,0,0
CUST_2381,41,15,37.22,261.77,One year,Credit Card,DSL,3,94.38,15,1,0,0
CUST_2382,24,47,105.05,4222.81,Two year,Credit Card,No,1,10.94,31,1,0,0
CUST_2383,42,46,107.78,5131.84,Month-to-month,Credit Card,Fiber Optic,3,94.54,5,1,0,0
CUST_2384,38,52,74.94,1951.01,One year,Bank Transfer,DSL,5,79.78,21,0,0,1
CUST_2385,32,19,85.62,4673.6,Month-to-month,Credit Card,Fiber Optic,4,77.99,30,1,1,1
CUST_2386,18,21,58.22,5212.63,Month-to-month,UPI,DSL,3,9.92,23,0,1,1
CUST_2387,29,64,48.18,5526.4,Month-to-month,UPI,Fiber Optic,6,18.77,38,0,0,1
CUST_2388,24,37,92.2,6233.59,Month-to-month,Bank Transfer,DSL,6,97.54,29,1,0,1
CUST_2389,32,27,106.19,2559.58,One year,Credit Card,Fiber Optic,6,22.12,13,0,1,1
CUST_2390,38,55,85.41,4585.44,Two year,Cash,Fiber Optic,6,17.74,32,1,0,0
CUST_2391,36,29,71.16,7854.47,One year,Cash,DSL,3,36.87,42,1,0,0
CUST_2392,46,20,35.89,7195.34,One year,UPI,No,3,91.42,27,0,0,0
CUST_2393,42,25,25.35,7626.06,Month-to-month,Bank Transfer,No,4,48.14,34,0,1,1
CUST_2394,50,70,64.57,3150.48,Month-to-month,Bank Transfer,DSL,5,92.14,33,0,1,1
CUST_2395,66,63,24.93,6316.73,Month-to-month,Bank Transfer,Fiber Optic,7,34.1,4,1,1,0
CUST_2396,49,36,76.93,4997.19,One year,Bank Transfer,Fiber Optic,2,23.43,18,1,1,0
CUST_2397,66,2,58.27,753.61,Month-to-month,Bank Transfer,Fiber Optic,3,50.03,6,1,1,1
CUST_2398,52,22,95.72,6609.45,Month-to-month,Credit Card,No,2,61.93,28,0,1,1
CUST_2399,61,16,50.56,5449.1,Two year,Credit Card,Fiber Optic,0,39.76,44,0,0,0
CUST_2400,55,18,79.3,1671.45,One year,Credit Card,Fiber Optic,5,35.26,27,0,1,1
CUST_2401,43,69,73.77,729.93,One year,Cash,Fiber Optic,7,22.59,26,1,0,0
CUST_2402,28,54,20.47,6712.47,One year,Credit Card,Fiber Optic,1,28.23,20,0,1,0
CUST_2403,52,30,27.24,723.32,Month-to-month,Bank Transfer,Fiber Optic,2,67.64,13,0,0,0
CUST_2404,25,45,49.04,821.7,Month-to-month,Bank Transfer,DSL,6,37.62,28,0,0,1
CUST_2405,63,19,108.22,3476.53,Two year,Cash,Fiber Optic,5,8.9,34,1,0,1
CUST_2406,31,34,34.7,1164.9,One year,Cash,Fiber Optic,0,14.68,23,1,0,0
CUST_2407,27,13,91.09,7317.99,One year,UPI,Fiber Optic,5,37.87,10,1,0,0
CUST_2408,19,43,117.34,3815.24,Month-to-month,Cash,Fiber Optic,1,92.53,30,1,0,1
CUST_2409,63,62,99.06,4596.29,One year,UPI,DSL,3,38.52,22,1,1,0
CUST_2410,26,22,44.29,7432.04,Month-to-month,Credit Card,DSL,3,7.0,5,0,1,1
CUST_2411,20,52,110.84,4289.08,Month-to-month,Bank Transfer,Fiber Optic,6,42.38,44,0,1,1
CUST_2412,38,52,29.31,2893.37,Month-to-month,UPI,Fiber Optic,3,67.21,9,1,1,0
CUST_2413,43,36,66.81,6397.53,Month-to-month,UPI,Fiber Optic,4,59.77,43,0,1,1
CUST_2414,25,19,108.75,3598.52,Month-to-month,UPI,Fiber Optic,4,28.6,4,0,1,1
CUST_2415,65,38,84.13,2615.91,Month-to-month,Cash,No,4,69.12,42,0,0,1
CUST_2416,19,70,61.36,5813.51,One year,Cash,DSL,6,63.43,1,0,0,0
CUST_2417,23,57,49.28,6432.68,One year,Cash,No,4,18.05,34,0,1,0
CUST_2418,45,20,57.51,6354.56,Month-to-month,UPI,DSL,0,17.05,41,1,0,1
CUST_2419,46,9,70.89,7823.63,Month-to-month,Credit Card,Fiber Optic,7,55.17,26,0,0,1
CUST_2420,43,32,51.9,6314.67,Two year,Bank Transfer,Fiber Optic,6,66.28,18,0,1,1
CUST_2421,42,4,116.9,6182.47,Month-to-month,Cash,Fiber Optic,5,96.23,16,0,0,1
CUST_2422,29,50,113.31,6874.13,Month-to-month,Credit Card,DSL,0,42.77,23,1,0,1
CUST_2423,22,5,107.07,101.46,One year,Cash,DSL,3,76.73,36,1,0,0
CUST_2424,51,20,62.18,2963.21,Month-to-month,Cash,Fiber Optic,1,12.54,26,0,1,1
CUST_2425,65,37,89.13,5927.06,One year,UPI,Fiber Optic,4,89.07,2,1,1,1
CUST_2426,54,22,110.28,4837.78,One year,UPI,No,5,63.68,44,0,0,0
CUST_2427,32,58,105.04,1502.82,Two year,Cash,DSL,1,63.27,5,1,0,0
CUST_2428,61,68,61.43,2499.49,Two year,Bank Transfer,No,6,15.1,29,1,0,1
CUST_2429,53,44,31.24,2760.66,Two year,Cash,DSL,6,4.92,4,1,1,1
CUST_2430,32,34,27.56,4585.84,Month-to-month,Bank Transfer,DSL,0,70.44,35,1,0,0
CUST_2431,60,42,77.71,6669.63,Two year,Credit Card,DSL,4,12.59,22,0,0,1
CUST_2432,65,9,84.26,7466.69,Month-to-month,Cash,No,6,13.57,8,1,0,1
CUST_2433,40,7,104.98,6025.73,One year,Bank Transfer,Fiber Optic,0,19.56,44,0,0,0
CUST_2434,23,68,49.25,6759.31,One year,Credit Card,DSL,0,10.68,21,1,0,0
CUST_2435,63,19,36.75,3813.76,Month-to-month,Credit Card,DSL,2,62.91,8,0,0,1
CUST_2436,67,31,57.9,3179.23,One year,UPI,DSL,5,42.78,5,0,0,0
CUST_2437,61,35,55.36,3202.4,Month-to-month,Credit Card,Fiber Optic,0,27.34,21,0,0,0
CUST_2438,60,57,33.25,4966.7,Month-to-month,UPI,DSL,3,44.63,27,0,0,1
CUST_2439,62,61,87.23,1081.47,Two year,Credit Card,Fiber Optic,6,84.57,38,1,0,1
CUST_2440,38,31,70.87,4678.0,Month-to-month,Credit Card,Fiber Optic,0,92.78,5,1,0,0
CUST_2441,40,53,92.11,5354.55,Month-to-month,Bank Transfer,No,4,49.26,21,0,1,1
CUST_2442,60,32,55.27,3567.38,Month-to-month,Bank Transfer,Fiber Optic,6,57.11,8,0,0,1
CUST_2443,33,66,52.57,7630.02,Two year,UPI,DSL,7,26.46,22,1,1,0
CUST_2444,64,59,67.26,4904.88,Month-to-month,Cash,No,7,51.85,18,0,0,1
CUST_2445,32,10,107.74,1838.0,Month-to-month,Bank Transfer,Fiber Optic,6,75.06,4,1,0,1
CUST_2446,42,2,24.03,3885.81,Two year,Credit Card,Fiber Optic,3,49.72,4,1,0,0
CUST_2447,53,66,100.48,5435.7,Month-to-month,UPI,Fiber Optic,0,30.91,37,0,0,1
CUST_2448,28,60,56.9,2656.67,Month-to-month,UPI,DSL,3,58.62,15,0,0,0
CUST_2449,68,17,105.46,729.17,One year,UPI,Fiber Optic,0,94.72,38,1,0,0
CUST_2450,32,16,100.22,4709.14,Month-to-month,Credit Card,DSL,5,88.91,27,0,0,1
CUST_2451,21,16,54.88,7588.17,Two year,Bank Transfer,DSL,3,77.15,21,0,1,0
CUST_2452,38,46,89.39,3932.07,Month-to-month,Cash,DSL,1,28.34,4,1,1,1
CUST_2453,30,39,35.96,7258.26,Two year,UPI,DSL,2,24.91,11,0,0,0
CUST_2454,39,31,109.63,6696.69,Two year,Credit Card,Fiber Optic,3,84.02,19,0,0,1
CUST_2455,36,1,60.45,1264.56,Month-to-month,Bank Transfer,Fiber Optic,4,18.95,19,1,1,1
CUST_2456,51,11,65.56,5694.54,Month-to-month,Bank Transfer,Fiber Optic,7,60.96,27,1,0,1
CUST_2457,31,4,90.58,3540.18,Two year,Cash,Fiber Optic,2,44.45,40,1,1,1
CUST_2458,21,71,102.08,2076.95,Month-to-month,UPI,Fiber Optic,2,47.33,42,0,1,1
CUST_2459,65,26,43.63,5526.81,One year,Credit Card,Fiber Optic,0,46.0,28,0,1,0
CUST_2460,69,50,86.14,5967.02,One year,Bank Transfer,No,3,90.1,5,1,0,0
CUST_2461,63,12,59.2,1521.18,One year,Credit Card,Fiber Optic,5,9.62,25,0,0,1
CUST_2462,44,65,56.87,7324.11,Two year,Bank Transfer,Fiber Optic,6,78.51,3,0,1,0
CUST_2463,46,47,89.0,6034.06,Month-to-month,UPI,DSL,2,83.67,26,1,0,0
CUST_2464,64,53,58.72,7473.67,Month-to-month,UPI,Fiber Optic,4,94.34,10,0,1,1
CUST_2465,45,71,54.61,2604.88,Two year,Cash,Fiber Optic,7,45.81,24,0,0,0
CUST_2466,52,2,103.59,7520.75,Two year,Bank Transfer,Fiber Optic,5,50.51,29,0,1,1
CUST_2467,25,24,30.13,3011.29,One year,Credit Card,Fiber Optic,7,96.17,7,1,0,1
CUST_2468,33,4,87.59,526.36,Two year,Bank Transfer,DSL,7,46.39,44,0,0,1
CUST_2469,59,19,44.87,6127.46,One year,Credit Card,DSL,5,50.85,23,0,0,0
CUST_2470,53,26,21.55,5657.71,Month-to-month,Cash,No,4,33.89,27,0,0,0
CUST_2471,47,40,36.68,4823.5,Two year,Bank Transfer,Fiber Optic,6,4.13,42,1,0,1
CUST_2472,35,50,80.67,3970.16,Month-to-month,UPI,DSL,4,43.87,9,1,0,0
CUST_2473,19,43,90.91,354.11,Month-to-month,Credit Card,DSL,0,65.85,44,0,0,0
CUST_2474,66,67,22.11,5034.32,Month-to-month,UPI,Fiber Optic,7,69.3,3,1,0,0
CUST_2475,30,12,23.64,3392.99,One year,Cash,Fiber Optic,1,1.64,13,0,0,0
CUST_2476,21,67,110.25,4525.65,Two year,Cash,Fiber Optic,6,80.3,6,0,0,1
CUST_2477,43,27,27.33,3491.64,Month-to-month,Credit Card,DSL,3,49.75,38,1,0,0
CUST_2478,42,54,109.42,7731.84,Month-to-month,Bank Transfer,DSL,2,52.55,21,1,0,1
CUST_2479,47,66,42.82,4872.46,One year,UPI,Fiber Optic,3,96.21,19,0,1,0
CUST_2480,28,49,94.0,6018.97,Two year,UPI,Fiber Optic,5,29.16,25,1,0,1
CUST_2481,24,16,50.97,7497.14,One year,Credit Card,DSL,2,76.4,39,1,1,0
CUST_2482,48,2,105.88,4773.63,One year,Credit Card,DSL,6,57.9,4,1,0,0
CUST_2483,61,60,90.05,195.29,One year,Credit Card,Fiber Optic,0,70.38,22,1,0,0
CUST_2484,27,54,60.18,370.9,Month-to-month,Cash,Fiber Optic,7,42.36,5,1,0,1
CUST_2485,56,30,27.63,5648.47,Month-to-month,Cash,DSL,7,28.64,1,1,0,0
CUST_2486,30,38,93.27,2304.77,Month-to-month,UPI,Fiber Optic,3,55.07,17,0,0,1
CUST_2487,48,28,81.69,4677.1,Two year,Bank Transfer,No,0,38.12,9,1,0,0
CUST_2488,24,25,20.29,1697.99,Month-to-month,Credit Card,No,0,23.07,9,1,0,0
CUST_2489,66,10,20.94,2234.97,One year,Cash,Fiber Optic,6,84.08,24,1,0,0
CUST_2490,59,60,100.88,4086.66,Month-to-month,Bank Transfer,Fiber Optic,3,48.11,10,0,0,1
CUST_2491,59,42,45.94,7807.0,Month-to-month,Credit Card,DSL,3,84.88,20,1,0,0
CUST_2492,53,40,83.61,4968.54,Month-to-month,Bank Transfer,Fiber Optic,6,47.93,17,1,0,1
CUST_2493,37,42,65.42,7495.57,Month-to-month,Credit Card,Fiber Optic,6,56.12,13,1,1,1
CUST_2494,21,47,106.34,7679.1,Month-to-month,Bank Transfer,Fiber Optic,2,99.53,29,0,1,1
CUST_2495,24,37,111.7,1744.07,One year,UPI,Fiber Optic,5,95.2,36,1,0,0
CUST_2496,18,22,119.68,2558.43,Month-to-month,Credit Card,Fiber Optic,5,27.9,23,1,0,0
CUST_2497,61,57,35.37,6182.94,One year,Credit Card,No,6,87.0,27,0,0,0
CUST_2498,62,27,106.3,6947.44,Month-to-month,UPI,DSL,4,39.65,18,1,0,1
CUST_2499,59,41,46.6,4201.89,Month-to-month,Credit Card,DSL,0,8.05,18,0,0,1
CUST_2500,64,34,79.08,7946.49,Month-to-month,Credit Card,Fiber Optic,7,58.0,9,1,0,1
CUST_2501,30,32,70.58,191.42,Two year,Cash,DSL,5,97.73,3,1,0,0
CUST_2502,39,66,21.8,2466.78,Month-to-month,UPI,Fiber Optic,1,97.46,7,0,0,0
CUST_2503,38,12,113.28,5022.98,Month-to-month,Cash,DSL,6,13.52,15,1,0,1
CUST_2504,39,40,27.83,3807.39,Two year,UPI,Fiber Optic,6,77.35,30,1,0,0
CUST_2505,45,10,88.82,1021.16,Month-to-month,Bank Transfer,Fiber Optic,2,80.48,9,1,0,0
CUST_2506,26,48,98.5,3005.52,Two year,UPI,DSL,6,37.51,41,1,0,1
CUST_2507,43,20,99.53,301.03,Month-to-month,UPI,DSL,2,66.2,27,0,0,1
CUST_2508,26,39,33.55,5177.69,One year,Cash,DSL,4,49.33,36,1,1,0
CUST_2509,32,60,64.76,7152.67,Month-to-month,Credit Card,Fiber Optic,4,23.56,18,0,1,1
CUST_2510,27,66,102.94,7090.51,Two year,UPI,Fiber Optic,6,76.37,31,0,0,1
CUST_2511,41,65,50.27,5626.4,One year,Credit Card,Fiber Optic,0,27.01,17,0,1,0
CUST_2512,59,51,66.77,3779.58,Month-to-month,UPI,Fiber Optic,2,34.7,6,1,0,0
CUST_2513,25,36,47.28,4145.05,Month-to-month,Cash,Fiber Optic,2,19.81,39,1,0,1
CUST_2514,41,24,66.36,1181.66,Month-to-month,UPI,DSL,1,72.21,25,1,1,0
CUST_2515,33,27,108.78,2794.04,One year,Bank Transfer,Fiber Optic,0,46.41,42,1,0,0
CUST_2516,66,2,65.51,1583.05,Month-to-month,UPI,DSL,0,44.89,42,1,0,1
CUST_2517,43,31,75.59,6587.48,Month-to-month,UPI,Fiber Optic,5,60.85,38,1,0,0
CUST_2518,44,57,60.4,7326.56,One year,Credit Card,Fiber Optic,4,16.57,38,0,0,1
CUST_2519,54,66,66.01,4341.69,Month-to-month,Credit Card,Fiber Optic,5,89.92,31,1,0,1
CUST_2520,21,29,21.52,5849.34,Month-to-month,Bank Transfer,Fiber Optic,7,47.05,29,0,1,1
CUST_2521,67,15,48.37,1059.57,Month-to-month,UPI,No,0,37.29,40,1,0,0
CUST_2522,41,12,63.66,4907.42,One year,Credit Card,No,6,13.54,9,0,1,0
CUST_2523,36,28,83.38,5652.05,Two year,UPI,Fiber Optic,1,17.63,1,1,0,0
CUST_2524,53,24,65.01,3676.87,Month-to-month,Cash,DSL,6,92.12,16,0,1,1
CUST_2525,56,21,53.78,2021.86,One year,Cash,No,6,46.21,38,0,1,0
CUST_2526,27,10,58.81,7031.26,Month-to-month,Bank Transfer,DSL,0,72.5,23,0,0,0
CUST_2527,42,18,44.23,5968.98,Month-to-month,Cash,Fiber Optic,5,8.97,8,1,0,0
CUST_2528,35,14,112.45,7208.87,Month-to-month,Credit Card,Fiber Optic,3,64.7,12,0,0,0
CUST_2529,36,34,72.17,6565.38,Month-to-month,Credit Card,No,6,92.23,10,0,1,1
CUST_2530,53,58,21.34,7923.96,Month-to-month,Bank Transfer,No,6,30.7,16,0,0,0
CUST_2531,27,22,21.94,1618.16,Two year,UPI,DSL,3,58.33,43,0,1,0
CUST_2532,50,70,117.3,785.31,Two year,Credit Card,Fiber Optic,1,94.08,24,1,0,0
CUST_2533,67,36,42.15,2762.32,Month-to-month,Cash,DSL,4,72.21,39,1,1,0
CUST_2534,22,45,100.56,1119.13,Month-to-month,Credit Card,DSL,2,7.17,8,1,0,0
CUST_2535,64,36,25.83,4232.73,Two year,Bank Transfer,Fiber Optic,0,38.49,11,1,0,0
CUST_2536,66,22,112.12,5100.93,Month-to-month,Cash,DSL,5,9.49,41,1,0,1
CUST_2537,52,61,107.44,4668.48,One year,Cash,Fiber Optic,7,86.27,26,1,0,1
CUST_2538,61,56,77.11,2148.0,Month-to-month,Cash,No,4,62.54,7,1,0,0
CUST_2539,51,33,20.9,7279.71,Month-to-month,Bank Transfer,Fiber Optic,5,95.68,15,1,0,1
CUST_2540,50,45,45.78,267.26,Month-to-month,Bank Transfer,DSL,4,2.96,15,0,0,1
CUST_2541,38,36,60.68,2849.31,Two year,UPI,Fiber Optic,0,42.89,3,1,0,0
CUST_2542,34,20,66.01,5780.04,Two year,UPI,No,2,11.33,16,1,0,0
CUST_2543,39,18,49.77,6158.74,Month-to-month,UPI,Fiber Optic,0,35.7,15,1,0,0
CUST_2544,65,38,23.29,3387.34,Two year,Bank Transfer,Fiber Optic,2,17.03,25,1,0,0
CUST_2545,54,67,79.01,233.59,Month-to-month,Cash,No,5,33.55,33,1,1,1
CUST_2546,32,23,72.42,4982.55,Month-to-month,Cash,DSL,1,82.11,14,1,0,1
CUST_2547,52,16,48.3,598.45,One year,Credit Card,No,2,16.91,24,1,0,0
CUST_2548,45,59,23.8,952.06,One year,UPI,No,7,47.89,11,1,1,0
CUST_2549,24,69,119.46,5236.98,Month-to-month,Cash,No,4,92.24,3,0,0,0
CUST_2550,49,68,68.2,2568.66,Month-to-month,Cash,DSL,1,99.88,9,0,0,0
CUST_2551,28,21,95.6,2849.44,Two year,Cash,No,5,25.81,6,0,0,1
CUST_2552,27,70,65.23,3945.78,Two year,Cash,Fiber Optic,3,93.62,31,1,0,0
CUST_2553,26,12,24.32,7830.77,Two year,Bank Transfer,Fiber Optic,1,26.88,16,0,1,0
CUST_2554,31,16,50.96,7726.99,Month-to-month,UPI,Fiber Optic,2,41.94,11,0,0,1
CUST_2555,30,14,52.01,3388.46,One year,Cash,DSL,7,87.91,17,0,0,0
CUST_2556,42,61,103.84,2197.44,Month-to-month,Cash,Fiber Optic,1,78.83,3,0,1,1
CUST_2557,19,71,85.42,2490.48,Two year,Cash,Fiber Optic,7,85.89,19,1,0,0
CUST_2558,52,46,47.54,2223.37,Month-to-month,Cash,Fiber Optic,7,80.23,24,0,0,1
CUST_2559,24,32,116.77,4304.74,Month-to-month,Credit Card,Fiber Optic,5,24.27,42,1,1,1
CUST_2560,38,15,52.15,4894.19,Month-to-month,Cash,DSL,1,56.32,8,0,0,0
CUST_2561,35,44,119.82,3961.36,Two year,Cash,Fiber Optic,5,39.14,36,0,0,1
CUST_2562,20,17,119.62,3323.16,One year,Cash,DSL,3,46.51,40,1,0,0
CUST_2563,59,41,39.12,1769.15,Month-to-month,Credit Card,Fiber Optic,2,16.24,2,1,0,0
CUST_2564,56,54,51.27,3911.79,One year,Bank Transfer,DSL,6,32.26,23,1,0,1
CUST_2565,58,44,68.6,2794.71,Two year,Credit Card,Fiber Optic,4,85.91,40,0,1,0
CUST_2566,66,5,86.41,4378.6,Month-to-month,Cash,Fiber Optic,1,89.86,30,1,0,1
CUST_2567,28,27,72.8,5434.0,Two year,Bank Transfer,No,6,61.41,25,1,0,0
CUST_2568,56,43,116.94,5103.17,Two year,Cash,Fiber Optic,0,50.33,7,1,0,0
CUST_2569,41,31,92.4,3753.67,Month-to-month,Bank Transfer,Fiber Optic,4,71.57,28,0,1,1
CUST_2570,63,17,41.2,4492.81,Month-to-month,Cash,Fiber Optic,1,61.28,41,0,0,1
CUST_2571,36,54,30.51,2350.36,Month-to-month,Cash,Fiber Optic,4,98.38,17,1,0,0
CUST_2572,21,62,88.84,291.5,Month-to-month,Bank Transfer,Fiber Optic,6,19.82,32,1,0,1
CUST_2573,43,32,35.85,5037.65,Month-to-month,Bank Transfer,DSL,0,45.46,1,1,0,0
CUST_2574,55,40,98.77,2095.29,One year,Cash,Fiber Optic,4,91.91,27,0,0,0
CUST_2575,59,13,51.1,5384.73,One year,Credit Card,Fiber Optic,6,91.56,44,1,1,0
CUST_2576,49,35,52.69,6001.37,Month-to-month,Credit Card,DSL,4,50.04,36,0,0,1
CUST_2577,56,5,21.08,7335.83,One year,Credit Card,DSL,0,14.35,7,1,0,0
CUST_2578,62,29,90.1,7669.17,One year,Credit Card,Fiber Optic,7,81.68,3,0,0,1
CUST_2579,63,70,31.33,183.16,Two year,Bank Transfer,Fiber Optic,0,58.93,30,1,1,0
CUST_2580,53,25,97.29,7923.96,Month-to-month,Bank Transfer,DSL,0,77.54,1,0,0,1
CUST_2581,57,22,69.19,5495.84,One year,Credit Card,No,7,46.79,34,1,1,0
CUST_2582,54,66,98.43,5183.84,Two year,UPI,No,7,21.18,38,0,1,1
CUST_2583,50,45,78.39,220.18,Month-to-month,UPI,DSL,3,3.37,43,1,0,0
CUST_2584,53,69,28.24,6903.74,Month-to-month,UPI,DSL,5,56.35,36,0,1,1
CUST_2585,20,1,96.57,1249.38,Month-to-month,Cash,Fiber Optic,5,16.94,33,1,0,1
CUST_2586,26,44,26.98,6714.91,Two year,Credit Card,No,6,19.53,43,1,0,0
CUST_2587,25,39,67.87,222.94,Month-to-month,Cash,Fiber Optic,0,44.19,16,1,1,0
CUST_2588,50,54,37.23,5203.12,Two year,Bank Transfer,Fiber Optic,6,44.77,38,1,1,0
CUST_2589,23,29,95.23,3534.93,Two year,Bank Transfer,DSL,5,28.16,11,0,1,1
CUST_2590,58,54,111.16,1686.06,Month-to-month,UPI,Fiber Optic,4,14.06,8,1,0,1
CUST_2591,56,16,75.41,949.73,One year,UPI,Fiber Optic,0,94.55,1,0,1,0
CUST_2592,21,20,72.71,3577.01,Month-to-month,Bank Transfer,DSL,7,14.03,14,0,1,1
CUST_2593,30,46,96.4,1074.12,Month-to-month,UPI,Fiber Optic,1,35.73,30,0,0,1
CUST_2594,66,67,20.51,3942.93,One year,UPI,DSL,0,31.18,21,1,1,0
CUST_2595,19,65,111.78,5039.21,One year,Bank Transfer,Fiber Optic,7,86.77,21,1,1,0
CUST_2596,22,58,39.74,6636.34,Month-to-month,Cash,DSL,0,41.6,34,1,0,1
CUST_2597,61,53,118.41,5461.33,Two year,UPI,DSL,5,13.28,38,1,1,1
CUST_2598,44,1,93.63,615.08,Month-to-month,Cash,No,6,2.02,26,1,1,1
CUST_2599,49,66,97.43,2528.72,Month-to-month,UPI,DSL,2,72.47,41,1,1,1
CUST_2600,38,29,85.62,2375.03,Month-to-month,Credit Card,Fiber Optic,4,71.74,14,0,0,1
CUST_2601,25,70,67.17,7328.76,Month-to-month,Cash,DSL,7,42.36,40,1,0,1
CUST_2602,55,8,77.16,6955.48,Two year,Cash,DSL,7,13.5,35,1,1,1
CUST_2603,25,29,24.64,3024.17,One year,UPI,Fiber Optic,7,37.79,42,1,0,0
CUST_2604,67,51,82.4,662.13,Month-to-month,Cash,DSL,5,59.4,18,0,1,1
CUST_2605,20,33,82.61,7163.45,Month-to-month,Credit Card,DSL,6,70.69,20,0,0,1
CUST_2606,61,3,109.12,7116.7,Month-to-month,Bank Transfer,No,6,8.75,9,0,0,1
CUST_2607,20,60,70.57,6852.49,Month-to-month,Credit Card,DSL,4,56.07,41,0,0,1
CUST_2608,39,35,27.71,6776.14,One year,Bank Transfer,DSL,6,28.34,33,0,1,0
CUST_2609,23,69,50.62,3894.01,Two year,Credit Card,Fiber Optic,7,62.11,4,1,0,0
CUST_2610,19,20,85.56,1501.71,Two year,Credit Card,DSL,1,65.17,4,1,0,0
CUST_2611,40,39,43.93,3872.16,Month-to-month,Cash,Fiber Optic,7,91.15,16,1,0,1
CUST_2612,61,4,48.05,4007.32,Month-to-month,Credit Card,DSL,3,41.63,26,0,0,1
CUST_2613,19,19,102.05,3970.46,Month-to-month,UPI,DSL,2,54.22,6,0,0,1
CUST_2614,55,45,78.43,4356.3,Month-to-month,UPI,Fiber Optic,1,27.55,37,0,1,1
CUST_2615,34,43,70.85,2135.49,Month-to-month,UPI,No,1,29.37,22,0,1,0
CUST_2616,52,13,51.85,2993.31,Month-to-month,UPI,DSL,7,5.56,42,0,0,1
CUST_2617,51,13,93.09,3530.07,Month-to-month,Cash,Fiber Optic,4,29.32,39,0,0,1
CUST_2618,40,60,48.77,1135.86,One year,UPI,DSL,2,7.32,7,1,0,0
CUST_2619,47,57,93.71,3697.38,One year,Credit Card,DSL,4,96.43,42,0,0,1
CUST_2620,69,52,27.01,6502.71,Month-to-month,UPI,No,3,62.8,30,1,1,0
CUST_2621,25,53,106.45,6641.67,One year,Cash,DSL,6,18.14,10,1,0,0
CUST_2622,39,43,69.96,3351.35,Month-to-month,Bank Transfer,No,4,12.56,15,1,0,1
CUST_2623,61,42,63.85,4198.59,Month-to-month,Credit Card,DSL,0,37.64,6,1,0,0
CUST_2624,53,26,81.1,365.84,Two year,Credit Card,No,4,31.46,24,1,0,1
CUST_2625,22,23,82.42,5428.02,Month-to-month,Cash,Fiber Optic,6,28.65,2,1,0,0
CUST_2626,30,43,33.2,3296.39,Two year,Bank Transfer,No,0,47.35,40,1,0,0
CUST_2627,46,28,95.62,3619.27,Month-to-month,UPI,DSL,1,91.37,15,0,0,0
CUST_2628,48,9,47.59,7002.01,One year,Bank Transfer,Fiber Optic,3,57.24,21,0,0,1
CUST_2629,64,20,110.5,3748.49,One year,Credit Card,Fiber Optic,6,52.6,18,1,0,1
CUST_2630,33,56,101.79,267.42,One year,Credit Card,Fiber Optic,5,80.85,5,0,1,0
CUST_2631,59,39,54.63,1897.18,Two year,Credit Card,Fiber Optic,0,1.4,25,1,0,0
CUST_2632,47,51,100.77,3857.4,One year,Bank Transfer,Fiber Optic,3,20.54,36,1,1,0
CUST_2633,33,12,55.64,3452.73,One year,UPI,No,4,50.12,10,0,1,1
CUST_2634,29,55,30.09,6896.92,Month-to-month,Credit Card,Fiber Optic,5,70.83,23,1,0,1
CUST_2635,34,11,116.19,4382.89,Month-to-month,Cash,Fiber Optic,4,49.02,24,1,1,1
CUST_2636,33,26,85.26,5548.12,One year,UPI,No,6,17.21,10,1,0,1
CUST_2637,29,42,65.61,3807.65,One year,Credit Card,DSL,1,93.07,6,1,0,1
CUST_2638,25,27,59.78,3573.28,Two year,UPI,Fiber Optic,6,33.54,13,1,0,0
CUST_2639,37,11,52.47,3625.66,Month-to-month,Cash,No,7,79.03,21,1,1,1
CUST_2640,20,38,118.14,3346.28,Month-to-month,Bank Transfer,Fiber Optic,6,89.25,32,1,0,1
CUST_2641,33,43,33.47,4354.81,One year,Credit Card,DSL,6,35.3,43,0,0,0
CUST_2642,47,19,51.48,2078.5,Two year,Cash,Fiber Optic,4,84.69,15,0,0,0
CUST_2643,62,64,68.55,7139.34,Two year,Credit Card,No,0,71.37,2,0,0,0
CUST_2644,40,6,67.8,2731.38,Month-to-month,Credit Card,No,1,90.52,15,0,0,0
CUST_2645,45,46,67.14,1265.44,Month-to-month,Bank Transfer,No,3,25.88,17,0,1,0
CUST_2646,68,42,37.58,862.75,Month-to-month,Bank Transfer,Fiber Optic,1,93.2,20,1,0,0
CUST_2647,57,65,34.49,206.04,Month-to-month,UPI,Fiber Optic,7,7.47,6,1,0,1
CUST_2648,22,59,45.48,3440.56,Two year,Cash,DSL,3,79.57,15,1,0,0
CUST_2649,37,52,111.45,1582.13,Month-to-month,Cash,DSL,2,44.13,17,1,0,1
CUST_2650,57,47,31.31,271.02,Month-to-month,Bank Transfer,DSL,0,18.61,26,0,0,1
CUST_2651,61,7,95.74,4208.15,Month-to-month,Credit Card,DSL,7,8.86,22,0,1,1
CUST_2652,18,11,95.75,5471.83,Month-to-month,UPI,No,0,39.57,9,1,1,1
CUST_2653,47,61,100.98,777.43,Two year,Bank Transfer,Fiber Optic,3,39.54,12,0,1,0
CUST_2654,38,68,108.66,3741.27,Month-to-month,UPI,Fiber Optic,4,23.77,22,1,1,1
CUST_2655,37,25,46.3,5974.67,Month-to-month,UPI,No,5,22.34,23,0,0,0
CUST_2656,23,12,42.46,7887.87,Two year,Cash,No,4,40.55,37,0,1,1
CUST_2657,39,26,66.55,5370.8,Month-to-month,UPI,Fiber Optic,2,41.6,14,0,1,0
CUST_2658,35,12,46.51,2034.23,One year,Cash,Fiber Optic,3,44.79,24,1,1,0
CUST_2659,25,43,93.43,5760.77,Month-to-month,Credit Card,DSL,2,87.01,8,1,1,0
CUST_2660,56,51,83.59,4823.64,One year,Credit Card,Fiber Optic,3,61.51,26,1,1,0
CUST_2661,49,37,107.5,1773.21,Month-to-month,Bank Transfer,DSL,2,3.02,32,1,0,1
CUST_2662,50,46,28.27,6823.78,Month-to-month,Credit Card,Fiber Optic,3,52.39,28,1,0,0
CUST_2663,33,53,111.51,3476.49,Month-to-month,Cash,No,0,76.48,32,1,0,1
CUST_2664,29,13,49.33,7699.62,Month-to-month,UPI,DSL,7,6.59,22,1,0,1
CUST_2665,55,54,69.07,5810.92,Month-to-month,UPI,DSL,2,42.84,9,0,1,0
CUST_2666,69,57,63.86,5192.05,Month-to-month,Credit Card,Fiber Optic,2,45.67,3,1,1,1
CUST_2667,51,4,96.03,5853.99,One year,Cash,Fiber Optic,7,95.45,25,1,0,1
CUST_2668,31,49,62.03,3876.97,Two year,UPI,DSL,3,48.09,39,0,0,0
CUST_2669,53,7,114.36,4091.29,Month-to-month,Credit Card,DSL,1,75.24,12,0,0,1
CUST_2670,50,11,110.25,6824.54,Month-to-month,Cash,No,1,30.99,29,0,0,1
CUST_2671,40,54,107.22,5479.34,Two year,Cash,DSL,0,78.15,3,0,0,1
CUST_2672,67,45,27.13,7188.22,One year,UPI,Fiber Optic,4,32.94,41,1,0,0
CUST_2673,62,23,105.43,7137.53,Month-to-month,Bank Transfer,Fiber Optic,4,43.57,23,1,0,1
CUST_2674,19,28,98.16,7814.27,Month-to-month,Bank Transfer,Fiber Optic,0,48.47,23,1,0,0
CUST_2675,58,57,30.35,5631.7,Month-to-month,Cash,DSL,4,92.71,18,1,0,1
CUST_2676,38,26,30.74,4068.18,Month-to-month,Cash,Fiber Optic,7,6.29,11,1,1,1
CUST_2677,19,25,30.12,1413.86,Two year,Credit Card,No,5,20.49,36,0,0,1
CUST_2678,44,54,21.13,5672.51,One year,Cash,DSL,7,70.87,26,1,1,0
CUST_2679,26,29,74.86,2403.46,One year,Credit Card,DSL,5,58.18,8,1,0,0
CUST_2680,18,36,117.34,2335.29,Month-to-month,Credit Card,DSL,5,25.9,28,1,0,1
CUST_2681,28,14,63.87,1982.47,Month-to-month,Credit Card,Fiber Optic,6,29.63,18,1,0,1
CUST_2682,20,35,74.08,7013.46,Two year,Cash,Fiber Optic,6,37.36,13,1,1,0
CUST_2683,69,30,116.8,6956.92,Month-to-month,Cash,DSL,5,45.58,36,0,0,1
CUST_2684,40,17,45.52,5084.67,Month-to-month,Credit Card,DSL,3,81.98,42,1,1,0
CUST_2685,43,67,105.85,3836.55,Month-to-month,UPI,Fiber Optic,1,2.37,40,1,1,1
CUST_2686,21,30,74.64,5409.7,One year,Cash,No,0,89.9,44,1,1,0
CUST_2687,35,45,76.95,4897.11,Month-to-month,Bank Transfer,Fiber Optic,7,41.89,12,0,0,0
CUST_2688,23,51,54.32,3384.3,Month-to-month,UPI,DSL,3,23.82,22,0,1,1
CUST_2689,52,47,76.16,3099.08,Two year,Bank Transfer,DSL,5,51.33,2,1,1,0
CUST_2690,39,53,27.31,3124.08,One year,Cash,Fiber Optic,0,66.31,40,1,1,0
CUST_2691,60,64,96.46,4754.15,Month-to-month,UPI,DSL,1,5.43,28,0,1,0
CUST_2692,32,38,48.47,5216.59,One year,Cash,Fiber Optic,4,71.86,13,1,0,0
CUST_2693,39,64,108.76,3668.76,Month-to-month,Cash,Fiber Optic,3,76.32,33,0,0,1
CUST_2694,54,7,56.79,7752.66,Month-to-month,UPI,DSL,1,17.45,3,0,1,1
CUST_2695,69,22,34.28,762.38,One year,Cash,Fiber Optic,0,17.62,34,1,0,0
CUST_2696,59,41,89.59,2841.67,Month-to-month,UPI,Fiber Optic,2,21.17,23,1,1,0
CUST_2697,29,10,36.46,3410.69,Month-to-month,Cash,Fiber Optic,3,79.87,32,1,1,1
CUST_2698,64,57,95.37,233.68,One year,Credit Card,Fiber Optic,7,27.93,20,0,1,1
CUST_2699,66,7,116.81,2983.16,Two year,Bank Transfer,Fiber Optic,6,79.8,28,0,1,1
CUST_2700,59,50,97.96,2262.31,Month-to-month,Credit Card,Fiber Optic,0,54.51,8,0,0,1
CUST_2701,55,52,22.24,4097.69,Month-to-month,Cash,Fiber Optic,7,76.95,3,0,1,1
CUST_2702,35,33,79.99,2757.64,Month-to-month,Cash,DSL,0,55.81,30,1,0,1
CUST_2703,62,1,89.54,5836.84,Month-to-month,Cash,DSL,6,34.24,25,0,0,1
CUST_2704,52,53,102.55,4128.47,Month-to-month,Credit Card,No,1,91.16,30,1,0,0
CUST_2705,47,60,25.6,1125.12,Month-to-month,Cash,No,7,71.81,29,1,0,1
CUST_2706,41,34,68.01,6025.48,One year,UPI,Fiber Optic,7,48.92,30,1,1,0
CUST_2707,59,4,73.54,883.91,Month-to-month,Bank Transfer,Fiber Optic,0,64.11,34,1,0,1
CUST_2708,47,17,36.91,6728.49,Month-to-month,Cash,DSL,3,61.97,25,0,1,0
CUST_2709,31,4,52.24,7458.24,Month-to-month,Cash,Fiber Optic,5,36.45,17,0,0,1
CUST_2710,23,43,64.02,2647.32,Month-to-month,Bank Transfer,No,6,42.95,24,1,1,1
CUST_2711,20,4,103.32,7416.53,Two year,Bank Transfer,No,3,32.51,38,0,1,1
CUST_2712,33,1,112.94,6364.76,Month-to-month,Bank Transfer,DSL,6,99.95,28,1,1,1
CUST_2713,24,71,82.84,7387.24,Two year,Credit Card,DSL,0,58.43,33,1,0,0
CUST_2714,69,50,59.49,5363.53,Two year,Credit Card,Fiber Optic,1,10.11,36,1,1,0
CUST_2715,31,61,45.4,1961.59,Two year,Cash,Fiber Optic,3,52.39,7,1,0,0
CUST_2716,26,35,118.21,7166.73,Month-to-month,Bank Transfer,Fiber Optic,2,5.95,23,1,1,1
CUST_2717,32,8,118.3,1555.69,Two year,Cash,Fiber Optic,5,29.58,26,1,0,1
CUST_2718,38,24,112.5,1783.18,Month-to-month,Cash,DSL,6,45.15,14,0,0,1
CUST_2719,52,36,98.57,2241.4,Month-to-month,Cash,Fiber Optic,4,53.89,42,1,0,1
CUST_2720,19,50,52.58,2503.55,Month-to-month,Credit Card,Fiber Optic,1,97.64,28,0,0,1
CUST_2721,44,43,101.7,4164.39,Month-to-month,Bank Transfer,Fiber Optic,1,98.24,24,1,1,0
CUST_2722,19,27,60.88,5736.31,Month-to-month,Cash,Fiber Optic,4,10.71,7,1,0,0
CUST_2723,52,32,52.68,7417.04,Month-to-month,Credit Card,Fiber Optic,4,54.28,36,0,1,1
CUST_2724,35,18,94.49,798.66,Month-to-month,UPI,Fiber Optic,3,81.89,39,0,0,1
CUST_2725,31,28,27.97,7639.52,One year,UPI,Fiber Optic,0,24.53,15,1,1,0
CUST_2726,37,29,24.86,7378.45,Month-to-month,Cash,No,0,75.31,3,1,0,0
CUST_2727,35,16,64.8,526.59,Month-to-month,Cash,DSL,2,87.98,2,1,0,0
CUST_2728,27,47,64.56,2946.54,Two year,Bank Transfer,No,5,66.59,7,1,1,0
CUST_2729,42,59,109.56,6523.83,Month-to-month,Bank Transfer,DSL,6,33.44,16,1,1,0
CUST_2730,19,31,32.62,4931.45,One year,Cash,DSL,0,92.39,21,0,0,1
CUST_2731,42,4,32.33,6254.84,Two year,Credit Card,Fiber Optic,7,88.47,9,1,0,0
CUST_2732,50,37,34.75,5780.36,Month-to-month,Cash,Fiber Optic,2,71.87,12,1,0,0
CUST_2733,53,17,22.97,4024.48,Month-to-month,Bank Transfer,DSL,2,37.0,29,0,0,0
CUST_2734,48,39,27.17,425.62,Two year,Bank Transfer,Fiber Optic,1,79.4,24,0,1,0
CUST_2735,31,48,85.99,4715.72,Two year,Credit Card,Fiber Optic,1,32.29,33,1,0,0
CUST_2736,18,46,63.16,483.68,One year,Cash,DSL,5,26.04,14,1,0,0
CUST_2737,63,48,96.36,4869.44,Month-to-month,Bank Transfer,Fiber Optic,3,51.99,43,1,0,1
CUST_2738,33,39,119.26,6423.25,Two year,Cash,DSL,7,99.72,18,1,0,0
CUST_2739,63,4,85.9,4721.43,Month-to-month,Bank Transfer,Fiber Optic,4,80.63,5,0,1,1
CUST_2740,69,30,25.05,7976.47,Month-to-month,UPI,Fiber Optic,4,73.25,15,1,1,0
CUST_2741,20,30,30.46,3701.35,Month-to-month,UPI,Fiber Optic,5,45.75,7,0,0,1
CUST_2742,52,22,108.1,6015.74,Month-to-month,UPI,No,2,31.88,25,1,0,0
CUST_2743,58,66,72.75,5370.99,One year,Bank Transfer,Fiber Optic,5,85.73,14,0,0,0
CUST_2744,23,12,102.48,7932.31,Two year,Credit Card,Fiber Optic,4,57.21,40,1,1,1
CUST_2745,42,36,105.66,5734.43,One year,UPI,Fiber Optic,2,81.51,36,0,0,0
CUST_2746,30,18,112.77,1395.84,Month-to-month,Bank Transfer,No,4,49.29,35,0,0,1
CUST_2747,51,53,114.98,7648.59,One year,Cash,DSL,3,75.64,44,0,0,1
CUST_2748,25,71,75.48,5375.44,One year,UPI,DSL,1,86.91,24,0,1,0
CUST_2749,38,1,54.1,568.77,Month-to-month,Credit Card,Fiber Optic,1,39.75,15,0,1,1
CUST_2750,51,58,116.19,5294.79,Two year,Credit Card,No,2,2.34,11,1,0,0
CUST_2751,21,6,74.74,7076.64,Two year,Credit Card,DSL,5,26.24,24,0,0,1
CUST_2752,42,70,26.43,4658.63,One year,Cash,No,4,91.58,11,0,1,1
CUST_2753,32,44,84.28,2896.76,Month-to-month,Cash,DSL,0,69.07,44,0,0,1
CUST_2754,21,24,78.77,6585.19,One year,Credit Card,DSL,3,73.98,17,0,0,0
CUST_2755,62,19,109.58,6281.84,Two year,Credit Card,DSL,4,33.2,6,1,1,0
CUST_2756,29,18,85.32,4399.04,Month-to-month,Credit Card,Fiber Optic,6,70.43,21,1,1,1
CUST_2757,49,30,54.91,1319.46,Two year,Cash,No,0,64.98,8,1,1,0
CUST_2758,49,42,116.62,2082.79,Month-to-month,Cash,DSL,3,18.66,15,0,0,1
CUST_2759,45,33,100.16,5934.02,One year,Bank Transfer,Fiber Optic,3,96.9,32,1,0,0
CUST_2760,30,12,83.04,6468.05,One year,UPI,DSL,1,36.05,10,1,0,0
CUST_2761,48,27,49.29,2306.2,One year,Cash,Fiber Optic,2,33.6,28,0,1,0
CUST_2762,31,39,57.35,3007.08,Two year,Credit Card,DSL,4,37.55,15,0,1,0
CUST_2763,37,9,87.0,713.29,Month-to-month,UPI,Fiber Optic,3,10.08,12,0,1,1
CUST_2764,35,21,27.2,5736.35,Month-to-month,Cash,Fiber Optic,4,62.87,43,0,1,0
CUST_2765,46,29,45.67,128.26,One year,UPI,Fiber Optic,3,24.62,18,0,1,0
CUST_2766,23,33,91.39,467.68,Month-to-month,Bank Transfer,DSL,5,80.53,37,0,0,1
CUST_2767,49,62,68.0,134.32,Month-to-month,Cash,DSL,7,40.02,44,0,0,0
CUST_2768,46,15,60.24,5198.02,Month-to-month,Credit Card,Fiber Optic,1,46.4,24,1,0,0
CUST_2769,60,2,35.15,3397.36,Month-to-month,Credit Card,Fiber Optic,2,65.0,37,1,0,1
CUST_2770,19,52,64.18,2450.62,One year,Bank Transfer,No,0,76.43,29,1,0,0
CUST_2771,40,44,97.07,7310.34,One year,Bank Transfer,Fiber Optic,0,23.88,10,1,1,0
CUST_2772,36,54,46.4,1623.14,Month-to-month,Bank Transfer,No,5,96.66,14,0,0,1
CUST_2773,48,18,20.54,3176.01,Month-to-month,Bank Transfer,Fiber Optic,6,62.61,16,0,1,1
CUST_2774,68,3,86.85,7528.46,Month-to-month,Bank Transfer,DSL,1,1.56,37,0,1,1
CUST_2775,22,7,117.26,3474.14,Month-to-month,Cash,DSL,3,42.15,11,1,0,0
CUST_2776,36,43,80.68,4482.08,Month-to-month,Cash,Fiber Optic,1,44.24,26,1,0,0
CUST_2777,51,38,31.99,734.66,Month-to-month,UPI,Fiber Optic,2,81.11,40,1,0,0
CUST_2778,27,37,52.07,6342.31,One year,Bank Transfer,Fiber Optic,7,31.21,19,0,0,0
CUST_2779,42,58,106.76,3439.79,One year,Credit Card,DSL,0,33.79,18,0,0,1
CUST_2780,19,33,43.26,6424.07,Month-to-month,Credit Card,Fiber Optic,4,7.98,30,1,1,1
CUST_2781,28,59,80.77,2105.0,One year,Bank Transfer,Fiber Optic,0,29.07,32,1,0,1
CUST_2782,67,11,60.27,3437.58,Two year,Bank Transfer,Fiber Optic,6,71.98,23,0,0,1
CUST_2783,48,68,40.78,6313.74,Month-to-month,Bank Transfer,DSL,6,63.84,12,1,0,1
CUST_2784,32,68,101.34,7793.63,Month-to-month,Bank Transfer,Fiber Optic,6,9.06,13,0,0,1
CUST_2785,26,22,94.28,571.04,One year,Bank Transfer,DSL,6,12.35,21,1,0,1
CUST_2786,40,66,86.16,6518.4,Month-to-month,Credit Card,No,2,38.32,21,0,0,0
CUST_2787,36,44,43.63,2475.44,One year,UPI,No,3,74.63,29,1,1,1
CUST_2788,26,6,29.79,4450.87,Two year,Bank Transfer,Fiber Optic,1,83.46,29,1,0,0
CUST_2789,52,42,77.62,2391.73,Month-to-month,Bank Transfer,Fiber Optic,0,2.45,27,1,1,0
CUST_2790,38,25,75.37,4946.22,One year,Bank Transfer,Fiber Optic,6,33.57,29,1,0,0
CUST_2791,26,57,38.84,2895.04,One year,Cash,Fiber Optic,0,43.0,15,1,0,0
CUST_2792,45,55,25.62,2735.56,Month-to-month,Credit Card,DSL,6,91.2,12,1,0,0
CUST_2793,63,16,28.07,399.71,Month-to-month,Credit Card,No,4,50.64,41,0,1,1
CUST_2794,68,14,119.28,1260.99,Two year,UPI,Fiber Optic,1,27.7,19,0,1,0
CUST_2795,24,39,98.36,7344.92,Two year,Cash,DSL,4,39.61,12,0,0,1
CUST_2796,33,28,112.2,7986.39,One year,Cash,Fiber Optic,4,44.21,23,0,1,0
CUST_2797,33,51,39.51,6266.11,Two year,Cash,DSL,6,67.33,5,1,0,0
CUST_2798,50,49,116.06,2365.82,Month-to-month,UPI,DSL,7,5.07,26,0,0,1
CUST_2799,21,9,34.27,3279.32,Month-to-month,UPI,Fiber Optic,3,39.56,10,0,0,1
CUST_2800,21,58,70.91,5942.08,Month-to-month,UPI,Fiber Optic,0,65.01,22,1,0,0
CUST_2801,56,45,102.97,7751.26,Month-to-month,Cash,Fiber Optic,7,29.05,39,1,0,1
CUST_2802,57,22,54.98,3698.22,Two year,Credit Card,No,5,59.58,23,1,0,0
CUST_2803,34,32,62.48,6653.23,Two year,Cash,No,1,36.37,11,1,1,0
CUST_2804,54,69,32.82,7803.04,Two year,UPI,DSL,7,76.11,28,0,1,1
CUST_2805,56,69,32.29,7000.44,One year,Cash,DSL,3,7.0,31,0,1,1
CUST_2806,69,42,81.96,1894.48,Month-to-month,Bank Transfer,Fiber Optic,5,91.88,8,1,0,1
CUST_2807,46,53,87.55,163.45,Month-to-month,Cash,Fiber Optic,3,17.99,39,0,1,1
CUST_2808,69,59,97.73,3987.45,Month-to-month,Cash,No,7,16.7,28,1,0,1
CUST_2809,53,39,75.67,4297.75,One year,Credit Card,Fiber Optic,6,84.22,16,1,1,0
CUST_2810,55,15,84.58,1689.88,Month-to-month,Credit Card,DSL,6,87.06,31,1,1,1
CUST_2811,56,71,21.35,2348.93,Two year,Credit Card,Fiber Optic,3,10.2,41,1,0,0
CUST_2812,67,29,36.22,6144.71,Two year,Bank Transfer,Fiber Optic,7,90.96,16,1,0,0
CUST_2813,54,3,118.49,3815.74,Month-to-month,Credit Card,No,2,28.06,5,0,0,1
CUST_2814,69,10,27.6,2607.1,Month-to-month,Bank Transfer,DSL,2,62.24,35,1,1,1
CUST_2815,52,29,87.88,5018.75,One year,UPI,Fiber Optic,3,7.79,25,1,0,0
CUST_2816,24,35,37.61,5256.8,Month-to-month,Credit Card,DSL,2,38.69,13,0,1,0
CUST_2817,44,6,91.67,6178.23,One year,Cash,Fiber Optic,1,45.62,29,1,0,1
CUST_2818,45,12,90.6,1338.0,One year,Cash,DSL,0,60.38,27,0,0,0
CUST_2819,39,38,43.42,5957.99,Month-to-month,Bank Transfer,No,5,53.0,40,0,1,1
CUST_2820,31,19,46.96,4835.48,Month-to-month,Credit Card,Fiber Optic,6,46.69,17,0,0,1
CUST_2821,24,67,85.48,554.82,Month-to-month,Cash,No,1,96.0,37,1,0,1
CUST_2822,54,8,59.01,6241.82,Two year,UPI,No,0,19.32,38,1,0,1
CUST_2823,39,8,39.45,3126.33,Month-to-month,Credit Card,DSL,2,16.64,29,1,1,1
CUST_2824,22,47,93.17,2710.01,Two year,UPI,Fiber Optic,5,71.63,34,1,0,0
CUST_2825,19,4,35.41,3639.79,One year,Cash,No,1,8.38,30,1,0,0
CUST_2826,44,51,105.56,2834.78,One year,Credit Card,Fiber Optic,4,48.81,31,0,1,1
CUST_2827,38,67,71.47,2772.46,Month-to-month,Bank Transfer,Fiber Optic,6,48.92,22,0,0,1
CUST_2828,55,45,30.57,6483.81,One year,Cash,Fiber Optic,3,31.69,25,0,0,0
CUST_2829,32,8,89.41,1083.59,One year,UPI,Fiber Optic,6,93.11,4,0,0,1
CUST_2830,38,16,71.92,7767.74,Month-to-month,Credit Card,Fiber Optic,0,28.97,35,1,0,0
CUST_2831,27,67,49.81,4483.96,One year,UPI,Fiber Optic,0,29.56,41,1,0,0
CUST_2832,40,9,62.25,1545.1,One year,UPI,DSL,4,24.2,44,0,1,1
CUST_2833,56,60,49.83,1136.6,Two year,Bank Transfer,DSL,4,15.43,9,0,1,1
CUST_2834,22,71,46.3,4772.93,Month-to-month,Bank Transfer,DSL,3,37.04,26,1,0,1
CUST_2835,18,15,36.36,5100.7,Two year,Cash,DSL,2,68.41,27,0,0,0
CUST_2836,30,71,56.28,518.9,Month-to-month,Bank Transfer,Fiber Optic,6,74.47,27,1,0,0
CUST_2837,38,41,45.1,2019.72,Two year,Bank Transfer,DSL,1,81.53,18,0,0,0
CUST_2838,43,22,88.34,6384.15,Two year,Cash,DSL,7,20.56,30,1,1,0
CUST_2839,67,24,88.39,492.03,Month-to-month,Cash,Fiber Optic,7,4.53,31,1,0,1
CUST_2840,62,44,70.18,6855.2,Month-to-month,Cash,Fiber Optic,1,97.49,42,1,1,0
CUST_2841,38,1,97.79,5299.48,One year,Cash,Fiber Optic,1,2.42,3,1,0,0
CUST_2842,35,10,104.13,3531.94,Month-to-month,UPI,No,2,96.11,29,1,0,1
CUST_2843,54,56,77.98,2836.82,Month-to-month,UPI,DSL,6,83.05,7,1,0,0
CUST_2844,62,50,81.89,252.07,Month-to-month,Cash,DSL,6,91.3,18,0,0,1
CUST_2845,49,12,48.29,6619.2,Two year,Cash,DSL,7,39.33,16,0,1,0
CUST_2846,53,60,109.49,1227.5,Two year,Credit Card,No,3,20.52,32,1,0,0
CUST_2847,34,26,22.42,2545.38,One year,Credit Card,Fiber Optic,1,61.04,38,0,0,1
CUST_2848,52,41,54.86,4595.95,One year,Credit Card,DSL,0,74.38,25,0,0,0
CUST_2849,66,36,92.18,2043.34,One year,Bank Transfer,DSL,0,13.96,44,1,1,1
CUST_2850,28,23,28.01,4027.41,Month-to-month,UPI,Fiber Optic,0,79.96,32,1,1,0
CUST_2851,38,43,38.32,6493.81,Month-to-month,UPI,DSL,4,21.65,19,1,0,1
CUST_2852,69,6,78.93,3817.25,One year,Credit Card,Fiber Optic,4,49.68,3,1,1,0
CUST_2853,43,69,76.0,7596.92,Two year,Credit Card,No,2,85.79,35,1,0,0
CUST_2854,21,43,93.89,6795.25,One year,UPI,Fiber Optic,1,20.15,29,1,1,0
CUST_2855,51,25,101.26,2731.01,One year,Bank Transfer,No,4,24.95,11,1,1,0
CUST_2856,69,18,32.86,3259.7,One year,Credit Card,Fiber Optic,0,7.21,6,1,0,0
CUST_2857,65,62,21.84,3444.28,Month-to-month,Cash,Fiber Optic,4,15.51,19,1,0,0
CUST_2858,35,13,88.96,5046.82,One year,Credit Card,No,6,15.51,37,0,1,0
CUST_2859,57,43,50.14,2365.69,Month-to-month,UPI,Fiber Optic,0,21.14,27,1,0,0
CUST_2860,52,28,82.6,7757.07,Month-to-month,UPI,Fiber Optic,1,29.33,5,1,1,0
CUST_2861,58,18,35.05,4908.61,One year,Credit Card,Fiber Optic,6,81.68,26,0,0,1
CUST_2862,46,59,66.9,3255.27,One year,Credit Card,No,2,91.66,35,0,0,1
CUST_2863,69,60,70.44,5195.58,Month-to-month,Cash,DSL,3,41.22,19,1,1,1
CUST_2864,46,63,78.51,3223.7,One year,Cash,DSL,3,13.69,17,0,0,0
CUST_2865,55,57,71.32,6560.59,One year,Bank Transfer,Fiber Optic,6,23.16,35,1,0,0
CUST_2866,59,51,69.57,4585.94,One year,Bank Transfer,No,0,73.88,13,0,0,0
CUST_2867,38,56,53.27,431.57,Two year,Cash,No,4,68.07,14,1,0,0
CUST_2868,59,27,27.12,1496.38,Month-to-month,Bank Transfer,DSL,4,96.75,30,1,0,1
CUST_2869,30,32,28.95,6933.45,Two year,Bank Transfer,DSL,0,2.43,43,1,1,0
CUST_2870,66,9,63.38,4546.91,One year,Credit Card,No,7,75.33,17,0,1,1
CUST_2871,58,68,55.58,7607.71,One year,Cash,DSL,1,51.07,37,0,1,0
CUST_2872,34,46,71.61,672.14,One year,Credit Card,DSL,6,90.37,15,1,1,0
CUST_2873,26,67,50.48,2432.56,Month-to-month,Credit Card,DSL,0,58.04,18,1,1,0
CUST_2874,58,26,88.79,1628.99,Month-to-month,Bank Transfer,DSL,7,45.22,14,1,1,1
CUST_2875,18,8,106.4,4475.34,One year,Credit Card,Fiber Optic,1,66.92,14,1,1,0
CUST_2876,19,6,49.89,3124.06,Month-to-month,UPI,Fiber Optic,2,83.52,33,1,0,0
CUST_2877,65,24,39.3,1342.46,One year,Bank Transfer,Fiber Optic,2,28.97,38,1,0,0
CUST_2878,46,48,31.62,5177.74,Month-to-month,UPI,No,6,11.65,11,1,0,0
CUST_2879,50,45,81.63,4336.76,Month-to-month,Bank Transfer,DSL,0,43.87,11,1,1,1
CUST_2880,27,13,64.39,2270.42,Month-to-month,Credit Card,DSL,2,22.24,26,0,0,1
CUST_2881,67,69,38.8,3890.19,One year,Bank Transfer,No,4,43.52,3,0,0,0
CUST_2882,57,25,85.31,5991.33,Month-to-month,UPI,Fiber Optic,1,99.11,25,1,0,0
CUST_2883,38,20,34.85,1721.65,One year,Bank Transfer,DSL,3,57.84,17,0,1,0
CUST_2884,45,66,75.43,2413.96,Month-to-month,UPI,DSL,7,69.67,22,1,1,1
CUST_2885,28,45,72.71,2834.28,One year,Cash,DSL,3,68.11,29,1,0,1
CUST_2886,51,47,93.42,5999.14,Month-to-month,Credit Card,Fiber Optic,2,82.25,26,0,1,1
CUST_2887,25,63,25.51,6790.69,Month-to-month,UPI,DSL,7,94.47,34,1,1,0
CUST_2888,39,55,108.79,3073.47,One year,Cash,Fiber Optic,1,66.22,26,0,0,1
CUST_2889,25,19,90.3,2443.3,One year,Credit Card,DSL,4,48.13,9,1,0,1
CUST_2890,66,35,41.61,7126.63,Month-to-month,Cash,Fiber Optic,3,32.47,40,0,0,0
CUST_2891,32,53,38.34,7994.98,Two year,UPI,Fiber Optic,4,36.67,11,1,0,0
CUST_2892,34,26,63.17,5395.79,Month-to-month,Credit Card,Fiber Optic,4,34.11,7,0,1,1
CUST_2893,40,14,101.76,7920.85,Month-to-month,Cash,DSL,3,33.12,30,1,1,0
CUST_2894,41,45,104.29,5313.73,Month-to-month,UPI,DSL,3,69.77,2,1,1,0
CUST_2895,62,44,72.05,5894.34,Month-to-month,Cash,Fiber Optic,7,59.18,30,0,0,1
CUST_2896,36,65,106.08,3170.38,Month-to-month,Credit Card,Fiber Optic,2,21.0,4,1,1,0
CUST_2897,22,51,20.54,3520.44,Month-to-month,Credit Card,Fiber Optic,7,96.99,14,1,0,0
CUST_2898,49,43,23.52,1238.67,One year,Credit Card,Fiber Optic,6,43.34,13,0,0,0
CUST_2899,61,23,111.18,6599.73,Month-to-month,UPI,DSL,1,57.04,25,0,0,1
CUST_2900,18,56,97.53,7455.37,One year,Cash,Fiber Optic,0,70.56,13,0,1,1
CUST_2901,40,19,65.07,5025.16,Month-to-month,Cash,DSL,1,61.75,13,0,1,0
CUST_2902,54,55,95.36,2814.81,Month-to-month,UPI,DSL,7,31.79,37,1,0,1
CUST_2903,25,60,115.56,1316.73,Month-to-month,Credit Card,Fiber Optic,0,79.97,44,0,1,1
CUST_2904,30,59,97.21,2194.73,One year,Bank Transfer,No,7,11.91,6,1,0,1
CUST_2905,25,33,104.24,2117.74,One year,Credit Card,Fiber Optic,3,57.33,26,0,0,1
CUST_2906,40,19,96.06,4946.87,Two year,Bank Transfer,Fiber Optic,4,28.06,14,0,0,1
CUST_2907,60,28,36.82,7565.8,Month-to-month,Credit Card,No,1,61.96,8,0,0,1
CUST_2908,18,52,103.36,481.35,One year,UPI,DSL,7,22.58,24,0,1,0
CUST_2909,62,49,39.51,108.08,One year,Bank Transfer,No,4,77.45,22,1,1,0
CUST_2910,68,37,109.26,4841.44,Month-to-month,UPI,Fiber Optic,1,23.53,40,0,0,1
CUST_2911,41,26,65.86,2344.08,Month-to-month,Bank Transfer,Fiber Optic,6,89.15,39,1,0,1
CUST_2912,52,40,87.7,7056.33,Month-to-month,Cash,Fiber Optic,5,86.29,21,1,1,1
CUST_2913,41,38,69.72,2685.28,One year,Bank Transfer,Fiber Optic,1,36.88,43,0,0,0
CUST_2914,34,54,29.4,2388.93,Month-to-month,Bank Transfer,Fiber Optic,4,39.2,26,0,0,1
CUST_2915,22,22,49.07,2229.13,One year,Bank Transfer,DSL,5,70.45,10,0,0,0
CUST_2916,37,16,118.37,1244.34,Month-to-month,Cash,No,2,9.95,13,0,0,1
CUST_2917,38,28,116.07,4694.09,Month-to-month,UPI,DSL,6,9.01,42,1,0,1
CUST_2918,57,35,52.05,1428.89,Month-to-month,Cash,DSL,3,14.5,14,1,0,1
CUST_2919,48,60,119.63,3454.59,One year,Bank Transfer,DSL,2,56.69,9,1,0,0
CUST_2920,63,45,104.56,3741.68,Month-to-month,Credit Card,DSL,7,15.75,7,1,0,1
CUST_2921,53,46,81.1,261.89,Month-to-month,Cash,DSL,2,28.48,39,0,0,1
CUST_2922,28,55,24.01,232.78,One year,Credit Card,DSL,1,65.04,31,0,1,0
CUST_2923,69,26,110.14,4209.68,Month-to-month,Cash,Fiber Optic,3,2.55,16,1,1,1
CUST_2924,32,25,75.74,5598.67,Month-to-month,Cash,Fiber Optic,6,18.84,8,1,0,1
CUST_2925,36,65,106.85,7542.93,Month-to-month,Bank Transfer,DSL,5,93.06,15,0,0,1
CUST_2926,24,6,103.44,1515.04,Month-to-month,UPI,DSL,1,66.69,25,0,0,1
CUST_2927,68,23,103.3,915.74,Month-to-month,UPI,No,7,31.25,38,0,0,1
CUST_2928,45,64,89.82,511.49,Month-to-month,Bank Transfer,DSL,0,5.49,41,1,1,1
CUST_2929,68,43,49.14,3544.73,Month-to-month,Cash,DSL,1,59.02,15,1,0,0
CUST_2930,60,23,53.62,5022.86,Month-to-month,UPI,DSL,5,23.06,25,0,0,1
CUST_2931,22,30,50.85,6740.37,Two year,UPI,DSL,4,96.06,7,0,0,0
CUST_2932,22,18,22.0,5492.89,Month-to-month,UPI,Fiber Optic,7,69.01,26,0,0,1
CUST_2933,47,21,78.26,1746.05,Month-to-month,Bank Transfer,Fiber Optic,6,97.44,8,0,0,1
CUST_2934,49,57,89.88,3747.99,Month-to-month,Credit Card,Fiber Optic,6,85.04,18,1,1,0
CUST_2935,25,23,105.39,7291.74,Month-to-month,Credit Card,DSL,1,48.82,21,1,1,0
CUST_2936,27,45,34.02,2681.25,Two year,Credit Card,Fiber Optic,0,67.29,16,0,0,0
CUST_2937,55,44,74.42,4039.97,One year,Credit Card,Fiber Optic,1,81.4,3,1,1,0
CUST_2938,64,47,20.8,7672.67,Month-to-month,Credit Card,DSL,7,58.24,1,0,0,1
CUST_2939,49,40,29.51,5904.19,One year,UPI,DSL,5,7.09,13,1,0,0
CUST_2940,65,51,25.42,6007.15,Month-to-month,UPI,DSL,6,47.57,32,1,1,1
CUST_2941,45,42,92.55,2093.44,Two year,Cash,Fiber Optic,0,13.93,12,0,0,0
CUST_2942,34,7,28.11,3376.12,Two year,UPI,DSL,3,71.77,31,1,1,0
CUST_2943,48,50,91.65,750.5,One year,Bank Transfer,Fiber Optic,5,68.38,41,0,0,1
CUST_2944,25,48,44.96,4891.55,Month-to-month,Cash,DSL,6,99.3,2,0,1,1
CUST_2945,57,6,107.77,919.47,Month-to-month,UPI,DSL,1,63.25,41,0,1,1
CUST_2946,42,9,101.31,6703.69,Month-to-month,Cash,DSL,6,80.21,8,0,0,1
CUST_2947,26,57,115.78,6534.97,Month-to-month,Cash,DSL,0,27.56,25,1,1,0
CUST_2948,19,31,108.38,4315.48,Month-to-month,Credit Card,DSL,7,34.66,5,0,0,1
CUST_2949,32,21,113.33,1215.21,Two year,Cash,Fiber Optic,5,91.79,2,1,1,0
CUST_2950,67,40,105.87,302.07,Month-to-month,UPI,Fiber Optic,3,75.76,42,1,0,0
CUST_2951,20,45,89.34,6394.0,One year,Credit Card,Fiber Optic,4,65.87,38,0,1,1
CUST_2952,66,49,37.03,4841.11,One year,UPI,Fiber Optic,2,26.15,39,0,1,0
CUST_2953,53,20,47.17,5716.34,Two year,Credit Card,Fiber Optic,0,70.16,3,0,1,0
CUST_2954,21,17,41.27,2500.08,Month-to-month,UPI,Fiber Optic,4,88.79,38,0,1,1
CUST_2955,31,28,80.36,4124.91,Month-to-month,Credit Card,No,3,23.85,22,0,1,1
CUST_2956,58,41,70.36,6002.68,One year,Credit Card,DSL,4,70.91,40,1,0,1
CUST_2957,58,66,106.71,3754.25,Two year,Bank Transfer,DSL,1,39.98,33,0,1,0
CUST_2958,42,25,115.27,4850.94,Two year,UPI,Fiber Optic,2,12.76,32,1,1,0
CUST_2959,67,58,60.49,6338.85,One year,Cash,Fiber Optic,0,76.58,17,0,1,0
CUST_2960,27,41,70.64,1800.24,Month-to-month,Credit Card,Fiber Optic,5,17.55,18,0,1,1
CUST_2961,38,6,117.15,620.84,Month-to-month,UPI,DSL,6,26.04,3,0,0,1
CUST_2962,53,38,47.62,4301.41,Month-to-month,Credit Card,Fiber Optic,3,78.51,6,0,0,1
CUST_2963,29,6,99.24,590.79,One year,Bank Transfer,No,2,74.47,13,0,1,1
CUST_2964,44,45,42.52,6155.8,One year,Bank Transfer,DSL,3,26.16,31,1,0,0
CUST_2965,57,14,88.15,5781.77,One year,Bank Transfer,No,6,94.16,17,1,0,1
CUST_2966,19,66,45.36,7065.53,Two year,Bank Transfer,Fiber Optic,4,22.31,21,0,1,0
CUST_2967,30,40,108.37,5152.54,One year,Cash,DSL,3,99.37,16,1,0,0
CUST_2968,49,3,76.15,630.86,Month-to-month,Cash,Fiber Optic,7,74.05,17,0,1,0
CUST_2969,48,24,38.59,2099.9,Month-to-month,Credit Card,Fiber Optic,3,39.86,32,0,1,0
CUST_2970,33,19,42.44,6482.66,Two year,UPI,Fiber Optic,4,13.9,1,1,0,1
CUST_2971,49,18,69.38,1420.35,Month-to-month,Bank Transfer,Fiber Optic,4,32.73,38,1,1,0
CUST_2972,49,64,116.16,5618.0,Month-to-month,Bank Transfer,Fiber Optic,6,20.18,8,1,0,0
CUST_2973,51,35,96.96,6264.05,Month-to-month,Cash,DSL,2,62.56,1,0,1,1
CUST_2974,28,62,68.83,2707.88,Month-to-month,Cash,DSL,0,36.33,2,1,0,0
CUST_2975,27,1,53.77,2646.15,Month-to-month,Bank Transfer,DSL,4,30.21,37,1,1,1
CUST_2976,32,25,74.93,4506.64,Two year,UPI,No,7,75.96,24,1,0,0
CUST_2977,34,45,94.84,6904.16,Two year,Credit Card,DSL,2,23.83,27,1,1,0
CUST_2978,57,49,98.39,1868.86,Two year,Credit Card,No,6,59.1,20,1,1,1
CUST_2979,35,16,52.46,7535.94,Month-to-month,Credit Card,DSL,3,20.27,21,1,0,0
CUST_2980,26,19,92.12,4833.04,Two year,Credit Card,DSL,7,71.77,42,1,1,1
CUST_2981,42,23,85.78,7937.8,Two year,UPI,DSL,3,62.89,37,0,1,0
CUST_2982,57,25,115.91,807.95,Two year,UPI,DSL,5,80.02,35,1,0,0
CUST_2983,31,16,113.11,1099.84,One year,UPI,No,1,7.78,38,0,1,1
CUST_2984,42,54,98.94,6630.47,One year,Cash,Fiber Optic,4,21.8,15,1,0,0
CUST_2985,67,1,92.34,6931.57,Month-to-month,Bank Transfer,No,6,16.29,42,1,0,1
CUST_2986,39,42,47.4,3619.12,Two year,UPI,Fiber Optic,7,19.87,30,1,0,1
CUST_2987,69,19,104.6,5741.16,Month-to-month,Credit Card,Fiber Optic,7,11.2,4,0,0,1
CUST_2988,47,34,62.75,6953.7,Month-to-month,UPI,Fiber Optic,2,56.65,43,1,0,0
CUST_2989,37,55,47.22,440.71,Two year,Bank Transfer,Fiber Optic,5,59.75,39,0,1,1
CUST_2990,38,18,58.42,4634.21,Month-to-month,Cash,Fiber Optic,2,84.51,15,1,0,0
CUST_2991,61,34,103.59,6842.5,Month-to-month,Credit Card,DSL,0,42.36,23,1,0,0
CUST_2992,49,45,34.86,3245.42,Two year,Cash,Fiber Optic,5,53.71,41,0,1,1
CUST_2993,68,6,65.62,2488.83,Two year,UPI,Fiber Optic,6,99.14,15,0,0,0
CUST_2994,63,21,69.24,6386.08,Month-to-month,Credit Card,DSL,2,53.65,26,1,0,0
CUST_2995,66,70,23.66,2752.71,Two year,Credit Card,Fiber Optic,4,57.78,12,0,0,0
CUST_2996,38,48,39.57,125.08,Month-to-month,UPI,No,2,99.6,18,0,0,0
CUST_2997,52,39,102.67,7680.62,Month-to-month,UPI,Fiber Optic,1,99.42,6,0,1,1
CUST_2998,49,31,103.08,4777.77,Month-to-month,Bank Transfer,Fiber Optic,3,42.98,18,0,1,1
CUST_2999,47,10,49.24,6574.19,Month-to-month,UPI,DSL,3,63.86,24,1,0,0
CUST_3000,56,30,107.49,6619.88,Month-to-month,UPI,Fiber Optic,7,48.6,38,1,0,1
